carat,cut,color,clarity,depth,table,price,x,y,z
1,Ideal,E,I1,61.8,56,3520,6.38,6.43,3.96
2.18,Ideal,I,SI2,62.5,55,15706,8.31,8.34,5.2
0.53,Ideal,H,SI1,62.2,54,1205,5.18,5.23,3.24
0.3,Ideal,G,VS1,61.5,57,605,4.31,4.34,2.66
0.76,Premium,E,SI1,58.3,62,2937,6.12,5.95,3.52
0.7,Ideal,F,VS2,62.3,55,2622,5.71,5.65,3.54
0.83,Ideal,E,SI1,61.5,55,4024,6.05,6.08,3.73
0.5,Premium,G,VVS2,60.9,61,1935,5.13,5.11,3.12
0.31,Premium,I,SI1,61.4,61,523,4.39,4.34,2.68
0.3,Very Good,H,VVS1,62.6,56,638,4.25,4.28,2.67
0.42,Very Good,I,VS1,60.4,60,791,4.82,4.88,2.93
0.41,Very Good,E,SI2,63.5,55,818,4.73,4.69,2.99
0.91,Premium,D,SI2,58.3,60,3511,6.4,6.33,3.71
0.4,Premium,G,VVS1,62.3,58,1123,4.66,4.72,2.92
1.04,Ideal,F,SI2,62.1,57,4668,6.46,6.48,4.02
0.33,Ideal,H,SI2,61.3,55,433,4.48,4.49,2.75
0.81,Premium,G,SI2,59,57,2274,6.14,6.1,3.61
0.83,Ideal,F,SI1,62.1,55,3198,6.05,6,3.74
0.7,Ideal,F,VVS1,61,56,4951,5.72,5.75,3.5
0.38,Ideal,H,VS1,62.2,53.7,768,4.63,4.68,2.9
0.42,Ideal,F,SI1,62,57,992,4.83,4.81,2.99
0.24,Very Good,D,VVS2,62.9,58,552,3.96,3.99,2.5
0.53,Very Good,J,VS2,62.9,58,1114,5.16,5.18,3.25
0.37,Ideal,D,VS2,61.1,56,1050,4.64,4.66,2.84
0.78,Ideal,D,VS2,62.9,56,3736,5.85,5.88,3.69
1.04,Premium,E,SI2,59.2,58,4484,6.64,6.7,3.95
1.03,Premium,J,I1,62.8,55,2392,6.43,6.41,4.03
0.52,Ideal,G,VS1,61.4,56,1722,5.18,5.21,3.19
0.73,Very Good,G,VS1,61,60,2708,5.76,5.84,3.54
0.72,Ideal,H,SI1,58.9,56,2398,5.91,5.88,3.47
0.43,Ideal,G,VVS2,60.1,57,1056,4.88,4.91,2.94
1.52,Very Good,H,VS2,63.3,57,10618,7.33,7.32,4.64
1,Premium,F,VS1,59.2,60,7056,6.53,6.48,3.58
1.21,Ideal,G,VS1,62,55,9287,6.84,6.88,4.25
0.44,Very Good,F,SI2,61.9,59,711,4.85,4.9,3.02
0.4,Very Good,G,SI1,62.8,60,702,4.66,4.7,2.94
1.03,Premium,D,SI2,61.8,60,4560,6.45,6.42,3.98
0.59,Ideal,I,VS2,61.8,56,1371,5.39,5.42,3.34
1.01,Good,G,VVS2,63.2,59,7137,6.27,6.35,3.99
0.9,Ideal,G,SI2,62.4,57,2968,6.16,6.13,3.84
0.35,Very Good,D,SI1,60.1,61,644,4.56,4.59,2.75
1.64,Ideal,G,VS2,61.5,56,16297,7.59,7.62,4.68
2.24,Premium,H,SI2,61.4,57,16656,8.43,8.35,5.15
0.33,Very Good,E,VVS2,59.8,58.7,893,4.47,4.51,2.68
2.01,Premium,I,SI1,61.3,60,11646,8.09,8.05,4.95
0.73,Ideal,G,VS1,61.7,56,3525,5.76,5.79,3.56
1.2,Ideal,H,VS1,61.1,58,8039,6.84,6.88,4.19
0.9,Very Good,J,VS2,63.3,56,2686,6.13,6.1,3.87
0.38,Ideal,F,VVS1,61,57,1070,4.66,4.69,2.85
0.41,Ideal,D,SI2,62.7,55,683,4.72,4.75,2.97
0.92,Premium,H,SI1,62,60,3618,6.21,6.27,3.87
0.3,Ideal,F,VS2,62,54,776,4.34,4.31,2.68
0.26,Very Good,E,VS1,60.7,59,453,4.09,4.12,2.49
0.2,Very Good,E,VS2,63.4,59,367,3.74,3.71,2.36
0.3,Ideal,F,VVS1,62.1,55,1114,4.32,4.31,2.68
0.31,Ideal,D,VVS2,61.9,56,766,4.37,4.39,2.71
0.52,Ideal,D,VS2,61.3,56,1919,5.2,5.15,3.17
0.33,Premium,E,VS2,61.5,59,928,4.46,4.42,2.73
1.02,Premium,F,IF,62.5,58,11167,6.54,6.39,4.04
0.5,Premium,G,VS1,62.5,58,1746,5.11,5.07,3.18
0.3,Premium,H,VVS2,60.8,60,776,4.33,4.29,2.62
0.51,Ideal,E,VS2,61.8,57,1781,5.15,5.14,3.18
1.06,Ideal,I,VS2,61.4,55,5116,6.59,6.61,4.05
0.53,Very Good,E,SI1,61.6,58,1395,5.19,5.23,3.21
0.41,Ideal,G,VS2,62.7,56,827,4.72,4.76,2.97
1.31,Premium,H,SI2,60,57,6089,7.1,7.07,4.25
0.72,Good,J,SI1,60.1,64,1547,5.75,5.83,3.48
1.51,Very Good,I,SI2,62.9,58,7139,7.24,7.3,4.57
0.53,Ideal,E,VS2,62,56,1956,5.29,5.2,3.25
0.51,Ideal,E,VS1,62.7,56,1758,5.14,5.1,3.21
1,Very Good,F,VS2,63.8,56.9,6841,6.29,6.36,4.04
0.72,Ideal,H,VVS1,62.8,57,2907,5.68,5.72,3.58
1,Fair,E,SI2,65.8,58,2948,6.28,6.16,4.09
0.3,Premium,E,VVS2,60.1,59,1013,4.37,4.32,2.61
0.26,Good,H,VVS2,63.3,58,468,4.04,4.08,2.57
1.09,Very Good,G,VS1,62.5,59,6546,6.56,6.59,4.11
0.7,Ideal,E,VS2,62.1,57,2633,5.68,5.73,3.54
1.7,Premium,F,SI2,58.5,60,9330,7.87,7.8,4.58
0.71,Very Good,H,SI1,61.4,58,2076,5.72,5.78,3.53
1.51,Ideal,H,SI1,61.7,56,7780,7.25,7.18,4.45
0.7,Good,F,VS1,64,56,2401,5.6,5.65,3.6
1.01,Very Good,H,VS2,62.8,59,5559,6.33,6.38,3.99
0.3,Premium,D,SI1,59.7,59,709,4.37,4.34,2.6
0.7,Very Good,G,SI1,61.8,56,2106,5.7,5.76,3.54
1.11,Ideal,G,SI1,62.6,57,5061,6.64,6.59,4.14
1.01,Very Good,F,VS2,63.1,60,6271,6.39,6.29,4
0.9,Good,F,SI2,64.3,57,3267,6.06,6.16,3.93
0.7,Ideal,E,SI1,60.2,58,2617,5.75,5.78,3.47
0.7,Ideal,G,SI1,61.6,55,3145,5.71,5.76,3.53
1.14,Ideal,F,VVS2,61.4,57,9070,6.76,6.72,4.14
1.54,Premium,E,VS2,60.8,58,15323,7.44,7.39,4.51
0.72,Ideal,H,SI2,61.8,55,1814,5.79,5.76,3.57
0.91,Very Good,G,VS1,63.4,54,4209,6.24,6.07,3.9
0.33,Premium,F,VS2,62.1,59,854,4.44,4.39,2.74
0.56,Ideal,E,VS2,61.9,55,1915,5.34,5.29,3.29
1.02,Very Good,D,VS2,62.9,60,7257,6.37,6.42,4.02
0.57,Premium,D,VS1,60.6,59,2360,5.38,5.32,3.24
1.5,Premium,G,SI2,62.1,60,7098,7.34,7.28,4.54
0.33,Ideal,E,VS2,61.5,57,928,4.47,4.41,2.73
0.71,Ideal,E,SI2,61.9,56,2458,5.73,5.76,3.56
1,Premium,F,SI1,61.4,60,4586,6.38,6.35,3.91
0.38,Ideal,E,SI1,62.3,53,660,4.65,4.69,2.91
0.76,Premium,H,SI1,60.9,59,1915,5.91,5.86,3.58
0.73,Premium,F,SI1,59.3,61,2346,5.85,5.82,3.46
1.13,Ideal,I,SI2,61.7,57,4307,6.59,6.7,4.13
0.31,Premium,G,VVS1,60.7,58,816,4.37,4.4,2.66
0.5,Ideal,F,VS1,61.6,57,1695,5.07,5.09,3.13
1.5,Ideal,F,VS2,62.6,57,14759,7.27,7.34,4.57
0.52,Ideal,D,SI1,62.4,56,1720,5.17,5.12,3.21
0.54,Ideal,I,SI2,61.8,54,964,5.24,5.27,3.25
2.2,Ideal,G,SI2,62,57,18168,8.31,8.27,5.14
0.54,Ideal,G,VS1,61.8,55.3,1804,5.22,5.24,3.23
1.21,Premium,E,SI1,62.9,58,6440,6.79,6.78,4.27
0.9,Ideal,F,SI1,61.3,56,4724,6.21,6.23,3.81
0.7,Very Good,E,SI2,61.5,60,2263,5.65,5.7,3.49
0.9,Ideal,G,SI1,61.6,57,3931,6.24,6.17,3.82
0.32,Ideal,E,VVS1,61.6,56,954,4.41,4.42,2.72
0.31,Ideal,F,VVS2,61.6,55,917,4.35,4.38,2.69
2.01,Premium,J,SI1,61.7,60,9793,8.12,8.09,5
1.22,Ideal,E,SI2,62.8,54,4974,6.78,6.75,4.25
1.33,Fair,E,SI2,65,57,4916,6.93,6.89,4.49
0.75,Premium,E,SI1,62.8,56,2698,5.78,5.75,3.62
0.54,Ideal,E,VS2,61.6,59,1695,5.21,5.24,3.22
0.55,Ideal,E,SI1,61.7,56,1668,5.29,5.24,3.25
0.92,Very Good,J,VS2,60.9,62,3146,6.26,6.31,3.83
1.07,Premium,G,VVS2,61.6,57,7593,6.59,6.55,4.05
2.01,Ideal,I,SI1,61.4,57,16562,8.13,8.19,5.01
0.38,Premium,D,SI1,62.2,58,733,4.57,4.63,2.86
1,Very Good,E,SI2,63.3,55,4390,6.29,6.25,3.97
0.7,Fair,H,VS2,64.9,56,1981,5.49,5.51,3.57
0.3,Ideal,H,VS2,62.3,54,491,4.31,4.36,2.7
0.51,Ideal,E,SI1,62,55,1443,5.14,5.12,3.18
0.36,Premium,G,SI1,61.8,59,537,4.55,4.57,2.82
0.33,Ideal,D,VVS1,61,55,1100,4.47,4.52,2.74
1.97,Premium,F,SI2,61.1,58,14542,8.11,8.05,4.94
0.32,Very Good,G,VS1,62.8,58,645,4.34,4.39,2.74
0.6,Good,E,SI1,62.7,60.1,1863,5.31,5.36,3.35
1.17,Premium,F,VS2,60.2,58,8256,6.88,6.85,4.13
0.7,Very Good,F,SI1,63.2,57,2423,5.68,5.62,3.57
0.59,Fair,H,SI2,64.5,57,1059,5.37,5.16,3.42
0.86,Ideal,I,VS2,62.1,57,3121,6.1,6.07,3.78
0.37,Very Good,H,VVS1,61.9,55,774,4.6,4.66,2.86
0.39,Very Good,H,VVS2,62.4,57,784,4.67,4.7,2.92
0.6,Ideal,F,SI1,61.5,58,1646,5.38,5.41,3.32
0.42,Good,F,SI2,64.1,56,646,4.76,4.72,3.04
0.35,Fair,D,VVS2,53.2,62,1011,4.87,4.8,2.57
0.91,Ideal,H,SI2,60.3,57,3363,6.31,6.27,3.79
0.7,Ideal,D,SI1,61,59,2804,5.68,5.7,3.47
0.82,Ideal,F,SI2,61.7,53,2867,6.12,6,3.74
0.3,Very Good,D,VS2,62.8,59,710,4.26,4.28,2.68
0.7,Very Good,E,VS1,63.6,57,3154,5.61,5.65,3.58
0.9,Very Good,H,VVS2,62.4,58,4740,6.12,6.15,3.83
0.4,Premium,D,SI2,60,58,855,4.84,4.8,2.89
0.57,Ideal,G,VS2,61.6,57,1728,5.36,5.32,3.29
1.05,Ideal,J,VS1,62.8,57,4116,6.45,6.41,4.04
0.48,Premium,H,SI2,58.5,59,972,5.16,5.13,3.01
0.7,Premium,F,VS2,59.4,61,2838,5.83,5.79,3.45
1.36,Good,F,SI1,57.5,60,7197,7.36,7.31,4.22
0.34,Ideal,E,VS2,62.2,57,829,4.46,4.42,2.76
0.96,Very Good,I,VS2,59.6,59,4187,6.36,6.42,3.81
1,Premium,G,VVS2,59.5,61,7589,6.46,6.42,3.83
0.35,Good,J,SI1,63.3,56,409,4.5,4.53,2.86
1.5,Good,H,VS1,63.4,59,10256,7.2,7.29,4.59
0.36,Ideal,E,VS2,61.3,56,718,4.59,4.61,2.82
0.42,Very Good,E,VVS2,62.1,56,1167,4.79,4.82,2.98
0.76,Premium,H,SI2,59,59,1985,6.05,6.02,3.56
0.47,Ideal,D,VS1,61,55,1617,5.03,5.01,3.06
0.34,Very Good,D,SI1,59.6,59,626,4.55,4.57,2.72
0.34,Premium,E,VS1,58,60,757,4.63,4.61,2.68
0.59,Premium,D,VS1,61.9,58,2326,5.37,5.32,3.31
0.59,Very Good,F,IF,59.9,63,2632,5.44,5.47,3.27
0.52,Very Good,H,VS2,63.5,58,1385,5.12,5.11,3.25
0.41,Very Good,E,VVS1,61.2,62,1184,4.76,4.78,2.92
0.53,Ideal,H,VVS1,61.1,57,2154,5.22,5.25,3.2
1.02,Ideal,G,I1,61.5,56,3321,6.46,6.49,3.98
1.5,Ideal,I,I1,61.3,57,5695,7.39,7.36,4.52
0.59,Very Good,E,VS2,61.7,60,1857,5.36,5.4,3.32
0.3,Ideal,E,IF,61.1,57,957,4.31,4.33,2.64
2.01,Very Good,F,SI2,60.3,60,16728,8.08,8.11,4.88
0.34,Premium,G,VS1,60.4,61,880,4.53,4.48,2.72
0.53,Good,E,SI2,63.2,54,1141,5.16,5.19,3.27
0.36,Premium,F,VS2,59.4,56,905,4.71,4.69,2.79
0.81,Very Good,I,VS1,63.2,59,2655,5.9,5.84,3.71
0.31,Premium,D,IF,60.2,59,1167,4.39,4.42,2.65
0.55,Ideal,D,VS1,61.8,55,2119,5.29,5.32,3.28
0.4,Good,G,IF,59.7,62,1120,4.75,4.8,2.85
1.46,Premium,G,VS1,62.3,58,12261,7.25,7.2,4.5
0.38,Ideal,F,SI1,60.4,57,844,4.7,4.74,2.85
0.4,Very Good,E,SI2,62.9,58,666,4.7,4.74,2.97
1.01,Good,G,SI1,64.3,55,3733,6.34,6.31,4.07
0.43,Premium,D,SI2,62.6,58,919,4.82,4.79,3.01
0.32,Ideal,E,VS2,61.4,57,780,4.46,4.4,2.72
1.19,Ideal,F,VS2,62,57,8415,6.78,6.76,4.2
0.41,Very Good,D,VVS2,61.2,62,1295,4.78,4.82,2.94
0.28,Very Good,D,VVS1,60.6,58,642,4.23,4.25,2.57
1.53,Very Good,I,VS2,62.8,59,9802,7.27,7.31,4.58
1.69,Good,G,VS1,58.1,58,17338,7.8,7.84,4.54
0.41,Ideal,H,VS2,61.3,56,941,4.81,4.84,2.96
1.14,Premium,H,VS1,62,62,5809,6.74,6.65,4.15
1.17,Good,H,SI2,63.8,58,4914,6.73,6.57,4.24
0.73,Ideal,G,SI2,61.8,56,2585,5.76,5.83,3.58
0.29,Ideal,F,VVS1,60.9,57,669,4.29,4.32,2.62
0.3,Ideal,G,VS1,61.8,56,624,4.31,4.33,2.67
1.01,Premium,F,VS2,62.3,58,6271,6.34,6.3,3.94
0.32,Very Good,F,VVS1,62.7,60,926,4.32,4.35,2.72
0.74,Very Good,H,VS2,62.9,57,2451,5.73,5.78,3.62
0.31,Ideal,F,VS2,62.3,57,625,4.3,4.34,2.69
0.4,Very Good,D,SI1,63.3,57,924,4.71,4.68,2.97
1.3,Ideal,G,VVS2,62,57,11175,7.03,6.96,4.34
1,Premium,D,SI1,62.5,59,5775,6.32,6.38,3.97
0.79,Very Good,E,SI1,63.2,56,3053,5.91,5.83,3.71
1,Very Good,D,VS1,60.5,59,8077,6.43,6.46,3.9
0.77,Premium,J,SI1,61.8,59,2010,5.86,5.82,3.61
0.31,Very Good,E,SI1,63.1,54,698,4.34,4.31,2.73
0.9,Good,F,VS2,62.7,59,4493,6.1,6.14,3.84
0.42,Ideal,G,VVS1,60.6,56,1179,4.86,4.88,2.95
0.74,Very Good,E,VVS2,61.9,59,3616,5.74,5.77,3.56
1.01,Premium,E,VS2,60.4,58,6787,6.51,6.47,3.92
0.52,Ideal,G,VVS1,61,57,1969,5.18,5.2,3.17
0.7,Ideal,E,SI2,62.2,56,2560,5.67,5.64,3.52
1.7,Premium,F,VS2,62.8,58,18251,7.61,7.54,4.76
1.02,Premium,F,SI2,61.5,58,4459,6.42,6.49,3.97
0.42,Very Good,G,SI1,61.7,55,916,4.78,4.81,2.96
1.9,Premium,G,SI2,63,58,13919,7.93,7.86,4.97
1.06,Ideal,G,SI2,61,57,4662,6.61,6.56,4.02
0.58,Ideal,D,SI2,62.7,56,1442,5.32,5.3,3.33
0.3,Good,E,VVS2,59.5,59,622,4.35,4.39,2.6
0.55,Ideal,G,VS1,62.2,54.3,2025,5.24,5.27,3.27
0.4,Premium,F,VS1,62.6,58,1050,4.72,4.68,2.94
0.54,Ideal,I,VS2,61.9,56,1260,5.2,5.26,3.24
0.7,Ideal,F,SI1,62.6,55,2410,5.67,5.7,3.56
0.4,Premium,G,SI1,59.2,61,900,4.81,4.78,2.84
0.34,Premium,I,SI1,60,58,459,4.51,4.55,2.72
1.09,Premium,H,VS2,61.2,58,5005,6.63,6.58,4.03
0.36,Premium,F,SI1,61.1,59,600,4.55,4.59,2.79
0.36,Very Good,D,SI1,60.1,57,663,4.62,4.66,2.79
0.83,Premium,E,SI1,58.4,59,3506,6.22,6.18,3.62
0.9,Good,E,SI2,63,58,3736,6.08,6.11,3.84
0.52,Ideal,G,VVS2,62.1,57,1932,5.15,5.13,3.19
2.09,Premium,F,SI2,61.2,57,12377,8.26,8.21,5.04
0.87,Ideal,H,SI2,63,57,2307,6.07,6.02,3.81
0.31,Premium,F,VS2,62.7,59,802,4.34,4.3,2.71
0.91,Very Good,H,SI1,59.2,60,3998,6.3,6.41,3.76
1.51,Ideal,G,VS2,62.1,54,12551,7.34,7.31,4.55
2.02,Good,I,SI2,58.2,57,14027,8.31,8.35,4.85
1,Premium,G,VS2,60.8,58,5242,6.44,6.4,3.9
0.41,Premium,G,VS2,62.4,58,827,4.72,4.76,2.96
0.46,Ideal,J,VVS1,62.5,56,953,4.89,4.93,3.07
0.41,Very Good,D,SI1,60.3,63,920,4.8,4.78,2.89
2.18,Premium,H,SI2,62.3,59,11579,8.37,8.26,5.18
0.5,Very Good,E,VVS2,62.4,55,2275,5.08,5.11,3.18
0.7,Very Good,H,VS1,62.8,58,2389,5.59,5.69,3.54
2.02,Premium,J,SI2,59.7,56,9728,8.18,8.13,4.87
0.7,Ideal,I,VS1,61.8,55,2469,5.67,5.72,3.52
0.72,Ideal,I,VS2,61.6,55,2312,5.76,5.78,3.55
0.52,Premium,F,SI2,61.7,58,1219,5.16,5.12,3.17
1.04,Ideal,G,SI2,61.4,57,4375,6.48,6.54,4
0.32,Ideal,E,VS2,62.1,56,702,4.38,4.41,2.73
1.51,Premium,D,SI1,61.6,57,12738,7.41,7.32,4.54
0.33,Premium,G,VS1,61.8,59,666,4.39,4.45,2.73
0.7,Fair,G,VS1,57.1,62,2553,5.89,5.94,3.38
0.3,Ideal,H,VVS1,62,56,636,4.31,4.34,2.68
0.52,Ideal,F,SI1,62.2,54,1223,5.19,5.23,3.24
0.32,Very Good,G,VS1,63.2,55,828,4.39,4.37,2.77
1.63,Ideal,I,VS2,61.8,56,11963,7.56,7.59,4.68
1.2,Premium,F,SI1,62.4,58,6250,6.81,6.75,4.23
1.29,Good,D,SI2,57.9,59,6140,7.22,7.18,4.17
0.3,Premium,G,VVS2,61.2,59,878,4.35,4.31,2.65
0.4,Ideal,F,VVS2,61.7,55,1088,4.74,4.76,2.93
0.32,Ideal,E,VS2,62,57,900,4.41,4.37,2.72
1.23,Ideal,E,VVS2,59.9,57,13034,6.95,7.03,4.19
1.23,Ideal,H,VS2,61.7,56,7687,6.92,6.88,4.26
0.31,Premium,F,VS2,60.8,60,625,4.34,4.37,2.65
0.32,Ideal,D,VS2,61.8,55,657,4.41,4.43,2.73
0.5,Good,G,VS2,63.2,57,1410,4.99,5.04,3.17
0.59,Premium,H,SI1,62.2,59,1106,5.38,5.32,3.33
0.31,Premium,G,VS2,61.7,58,698,4.34,4.32,2.67
1.5,Good,I,VS2,61.9,60,8316,7.25,7.28,4.5
1.28,Ideal,H,SI2,62.8,57,6451,6.92,6.87,4.33
1.53,Premium,H,VS2,59.8,58,10224,7.49,7.52,4.49
0.32,Premium,F,VS2,59.5,60,773,4.48,4.46,2.66
0.72,Fair,F,SI1,64.8,55,2691,5.64,5.6,3.64
1.1,Very Good,F,VS2,61.1,57,6987,6.65,6.71,4.08
1,Premium,F,SI1,60.3,61,4704,6.43,6.38,3.86
0.41,Ideal,E,VS2,62,56,999,4.79,4.72,2.95
1.03,Premium,G,VS1,62.1,59,6479,6.48,6.4,4
1.14,Premium,D,SI2,62.6,58,4520,6.64,6.58,4.14
0.8,Premium,H,SI1,61.5,58,2760,5.97,5.93,3.66
0.42,Premium,E,VS1,62.2,59,1105,4.76,4.79,2.97
0.8,Premium,E,SI2,60.2,57,2829,6.05,6.01,3.63
0.27,Very Good,E,VS2,59.5,56,470,4.2,4.31,2.53
0.33,Very Good,D,SI1,62.8,56,608,4.39,4.43,2.77
0.33,Ideal,I,VVS1,62.2,54,646,4.43,4.45,2.76
1.12,Ideal,H,SI1,60.7,56,5457,6.74,6.7,4.08
1.01,Premium,G,SI1,61.3,59,5006,6.48,6.44,3.96
0.92,Good,H,VS2,63.4,57,4247,6.11,6.17,3.89
1.08,Ideal,G,SI2,62.3,56,4489,6.53,6.57,4.08
1.6,Premium,H,SI1,62.1,60,9017,7.54,7.49,4.66
0.53,Ideal,G,VVS1,62.1,56,1958,5.19,5.21,3.23
0.3,Ideal,F,VS2,62.9,57,776,4.29,4.26,2.69
0.52,Ideal,D,SI1,62.2,54,1429,5.14,5.18,3.21
2.41,Ideal,I,SI2,62.5,57,16987,8.57,8.51,5.34
0.7,Ideal,G,VVS1,62.3,57,3123,5.61,5.65,3.51
0.39,Good,E,VVS2,61.5,61,943,4.73,4.74,2.91
1.01,Very Good,H,SI1,63.4,58,4642,6.38,6.34,4.03
0.59,Ideal,E,VVS1,62,56,2829,5.36,5.38,3.33
0.3,Ideal,H,SI1,62.2,57,450,4.26,4.29,2.66
1,Good,G,VS2,63.4,57,5702,6.27,6.31,3.99
1.2,Very Good,G,SI2,63.1,57,5609,6.68,6.79,4.25
0.56,Ideal,G,SI1,61.2,59,1322,5.26,5.32,3.24
1.77,Very Good,I,VS2,60.2,58,13691,7.88,7.83,4.73
0.73,Premium,I,VS1,61.8,62,2197,5.78,5.72,3.55
1.04,Ideal,F,SI1,62.1,56,4426,6.54,6.47,4.04
0.52,Premium,D,VS2,61.2,58,1919,5.2,5.16,3.17
0.3,Very Good,G,SI1,59.7,60,447,4.35,4.39,2.61
0.33,Ideal,I,VVS2,62.4,57,579,4.41,4.44,2.76
2.03,Premium,F,SI1,61.3,59,17803,8.15,8.22,5.02
1.73,Very Good,G,VS1,62.8,57,15014,7.57,7.72,4.8
0.76,Ideal,G,VVS1,62,54.7,3671,5.83,5.87,3.62
0.7,Ideal,E,SI1,61.9,56,3330,5.7,5.73,3.54
0.74,Premium,H,VS2,62.1,56,2532,5.83,5.79,3.61
1.06,Ideal,G,VS2,62.3,56,7255,6.49,6.54,4.06
0.4,Premium,E,SI1,62.8,59,945,4.69,4.64,2.93
0.78,Very Good,G,SI1,63.3,56,2721,5.83,5.86,3.7
0.56,Ideal,E,VVS2,62.1,57,2622,5.26,5.3,3.28
0.73,Premium,H,VS2,61,58,2496,5.76,5.84,3.54
0.3,Ideal,E,VS2,62.1,55,658,4.28,4.32,2.67
1.27,Very Good,H,VS2,59.2,58,7176,7.07,7.15,4.21
1,Premium,D,SI2,60.3,58,4295,6.48,6.45,3.9
0.49,Very Good,F,VVS1,62.2,56,1952,5.04,5.08,3.14
0.31,Ideal,G,SI1,62.8,55,593,4.38,4.32,2.73
0.71,Premium,G,VS2,60.3,60,2671,5.76,5.81,3.49
0.8,Premium,J,SI2,60.2,59,2022,6.07,5.95,3.62
0.32,Premium,G,VS2,60.2,57,720,4.45,4.42,2.67
0.72,Ideal,D,VS1,61.6,56,3554,5.8,5.73,3.55
0.78,Ideal,H,SI2,61.9,54,2012,5.89,5.85,3.63
1.05,Good,E,I1,64.1,58,2066,6.46,6.32,4.09
2,Very Good,H,SI2,61,57,14340,8.02,8.18,4.94
0.7,Very Good,I,VS1,62.2,57,2332,5.69,5.72,3.55
0.68,Good,F,SI1,58.1,60,2074,5.8,5.91,3.4
0.73,Ideal,E,VS2,62.7,56,3077,5.75,5.8,3.62
1.25,Ideal,F,VVS1,62.2,56,12698,6.93,6.89,4.3
0.51,Premium,D,VS2,60.9,58,1716,5.18,5.14,3.14
0.4,Premium,E,SI1,62,61,882,4.71,4.67,2.91
1.12,Ideal,G,VS1,61,56,7632,6.76,6.72,4.11
0.42,Ideal,H,SI1,62.4,57,898,4.79,4.76,2.98
1.11,Premium,J,VS2,62.6,59,4265,6.6,6.56,4.12
0.55,Ideal,F,SI1,62.4,55,1410,5.23,5.28,3.28
1.02,Premium,G,VVS2,62.2,60,7602,6.39,6.43,3.99
0.31,Premium,I,SI1,62.8,60,537,4.31,4.29,2.7
0.73,Ideal,H,SI2,62.3,56,2278,5.78,5.72,3.58
0.9,Good,E,SI1,63.9,55,4463,6.08,6.13,3.9
1,Fair,H,SI2,65.2,54,2912,6.3,6.22,4.08
0.33,Ideal,D,VS1,61,56,839,4.45,4.47,2.72
0.82,Very Good,E,VS2,62.8,59,4135,5.92,5.93,3.72
0.33,Good,D,SI2,63.3,53,492,4.39,4.42,2.79
1.11,Ideal,E,SI2,61.4,58,5938,6.63,6.66,4.08
0.33,Premium,E,SI1,60.7,57,743,4.47,4.43,2.7
1.07,Premium,F,SI2,61.8,59,4560,6.53,6.57,4.05
0.92,Ideal,J,SI1,61.7,57,3181,6.21,6.26,3.85
1.51,Ideal,H,VS2,62.4,56,12219,7.33,7.28,4.56
0.43,Ideal,G,VS1,61.2,57,880,4.83,4.88,2.97
0.32,Premium,J,SI1,62.2,59,365,4.37,4.41,2.73
0.27,Ideal,I,VS1,62,56,432,4.16,4.19,2.59
0.3,Ideal,H,VVS2,60.8,58,590,4.33,4.38,2.65
0.9,Good,G,SI2,64.1,63,3246,6.02,5.99,3.85
0.31,Ideal,F,VVS1,61.8,56,884,4.33,4.37,2.69
0.42,Ideal,E,VVS2,61.8,56,1273,4.8,4.78,2.96
1.27,Ideal,J,SI2,62.6,57,4693,6.85,6.88,4.3
0.33,Ideal,E,VS1,61.6,56,1002,4.46,4.43,2.74
0.33,Premium,E,VS2,61.9,58,804,4.47,4.42,2.75
0.92,Premium,D,SI1,62.3,58,4350,6.21,6.27,3.89
0.39,Ideal,E,VS1,62.3,57,1097,4.67,4.64,2.9
0.52,Premium,F,SI1,58.6,61,1338,5.3,5.28,3.1
0.64,Ideal,E,SI1,60.9,57,2215,5.56,5.58,3.39
1.01,Premium,G,SI2,60.6,59,3981,6.49,6.41,3.91
0.35,Ideal,D,VS2,62.1,54,777,4.54,4.58,2.83
0.53,Ideal,I,IF,62.1,55,1654,5.18,5.22,3.23
0.38,Very Good,I,VS2,61.7,56,680,4.65,4.68,2.88
1.1,Very Good,I,VS1,61,59,4878,6.65,6.67,4.06
0.25,Very Good,F,VVS2,61.8,58,575,4.05,4.07,2.51
0.37,Very Good,G,SI2,63.4,57,624,4.57,4.55,2.89
0.31,Ideal,I,VS1,61.9,54,461,4.33,4.36,2.69
0.58,Premium,D,VS1,59.2,60,2401,5.46,5.41,3.22
0.9,Premium,F,VS1,59,58,4687,6.33,6.29,3.72
0.34,Ideal,E,VS2,62.6,55,956,4.45,4.43,2.78
0.41,Ideal,G,VS2,62.7,56,827,4.71,4.76,2.97
1.01,Good,F,VS2,63.1,59,5817,6.31,6.37,4
1.07,Ideal,G,SI1,61.7,54,5532,6.59,6.61,4.07
0.4,Very Good,J,VS1,63,58,631,4.66,4.7,2.95
0.27,Very Good,F,VVS1,61.8,56,682,4.15,4.17,2.57
1.25,Very Good,E,VS1,61.5,59,10285,6.91,6.95,4.26
1.09,Ideal,G,VVS2,61.5,55,8057,6.66,6.61,4.08
1.01,Good,I,SI1,64.1,59,3676,6.24,6.21,3.99
0.7,Good,F,SI1,57.9,63,2190,5.8,5.84,3.37
1.01,Very Good,D,VVS1,62.8,57,13312,6.36,6.41,4.01
0.32,Premium,I,SI1,61.1,59,540,4.42,4.38,2.69
0.34,Ideal,E,SI2,62,56,477,4.45,4.48,2.77
0.3,Very Good,G,VVS2,63.3,57,878,4.27,4.23,2.69
2.01,Ideal,F,SI2,62.9,56,13201,8.05,7.9,5.02
1,Good,E,VS2,57.4,58,6160,6.61,6.57,3.78
2,Premium,G,SI2,62.1,59,15897,8.12,8.02,5.01
0.63,Premium,I,VS1,62,58,1667,5.52,5.45,3.4
1.08,Ideal,D,SI2,60.2,57,5247,6.63,6.67,4
0.54,Ideal,G,VS2,61,57,1644,5.24,5.28,3.21
2.02,Premium,J,SI1,61.6,58,12431,8.14,8.1,5
0.32,Premium,H,VVS2,62.1,58,828,4.39,4.34,2.71
0.32,Ideal,G,VVS2,62.2,56,730,4.34,4.38,2.71
0.71,Premium,E,SI1,60.3,58,2479,5.78,5.76,3.48
2.02,Ideal,I,SI1,62.3,57,15785,8.07,8.11,5.04
0.7,Premium,F,SI1,61.9,59,2401,5.69,5.71,3.53
1.01,Very Good,H,VS2,63.1,59,5260,6.34,6.3,3.99
1.01,Premium,F,VS1,61.4,60,7792,6.45,6.39,3.94
0.58,Ideal,D,SI2,61.2,57,1442,5.4,5.36,3.29
1.03,Ideal,G,VS1,61.4,55,7481,6.5,6.53,4
0.35,Premium,E,VVS1,61,58,1116,4.56,4.52,2.77
1.05,Ideal,G,VS2,61.7,57,7028,6.56,6.53,4.04
2.3,Ideal,G,SI2,61.4,57,14744,8.51,8.48,5.22
1.51,Ideal,G,VS2,61.9,57,13115,7.37,7.3,4.54
0.3,Premium,D,VS2,60.9,58,710,4.32,4.35,2.64
1.19,Very Good,J,SI1,60,57,5390,6.93,6.89,4.15
1.05,Ideal,G,IF,62.5,56,9012,6.52,6.48,4.06
0.37,Ideal,F,VVS1,61.3,56,997,4.65,4.68,2.86
0.53,Ideal,G,VS1,61.6,57,1607,5.21,5.24,3.22
0.52,Premium,F,VS2,62.1,59,1720,5.15,5.12,3.19
0.81,Ideal,G,VVS2,61.7,55.1,4127,5.97,6.04,3.71
0.41,Ideal,D,VS1,62.8,57,1230,4.76,4.73,2.98
0.31,Ideal,G,VVS1,62.5,57,1046,4.36,4.31,2.71
1.71,Very Good,D,SI2,63.5,56,11844,7.58,7.51,4.79
0.81,Ideal,D,VS2,59.5,60,4315,6.08,6.15,3.64
0.5,Good,D,VS2,63.4,56,1635,5.05,5.1,3.22
0.93,Good,G,SI1,63.8,58,4452,6.09,6.14,3.9
1.01,Premium,F,VS1,58.8,60,7862,6.59,6.51,3.85
1.04,Very Good,G,VS2,61.8,56,6177,6.47,6.5,4.01
0.73,Ideal,G,SI1,61.4,57,3089,5.74,5.79,3.54
0.57,Ideal,E,VS1,61.3,57,2110,5.34,5.37,3.28
1.04,Premium,F,VVS2,62.5,58,8946,6.46,6.37,4.01
1.25,Ideal,F,VS1,62,55,9761,6.95,6.91,4.3
0.71,Very Good,H,VS1,62.8,59,2428,5.61,5.7,3.55
1.7,Premium,G,SI1,62.4,59,9777,7.63,7.57,4.74
0.34,Ideal,E,VVS1,61.4,56,973,4.51,4.54,2.78
1.18,Ideal,G,VS1,61.9,56,8556,6.81,6.76,4.2
0.53,Very Good,E,VS2,61.6,57,1721,5.18,5.21,3.2
1.51,Ideal,G,VS2,62.2,57,12947,7.28,7.36,4.55
0.31,Ideal,H,VVS1,61.3,56,671,4.36,4.39,2.68
1.77,Premium,I,VS1,62.2,58,13085,7.76,7.68,4.8
1.1,Ideal,G,SI2,62.6,56,5535,6.64,6.58,4.14
1.01,Ideal,F,VVS2,61,57,8688,6.52,6.46,3.96
0.42,Premium,G,SI1,61.6,61,882,4.82,4.79,2.96
0.93,Very Good,E,SI2,60.5,57,4325,6.32,6.37,3.84
0.55,Ideal,G,VVS2,60.8,56.9,2064,5.27,5.31,3.22
0.51,Very Good,G,VS2,62.9,58,1438,5.05,5.12,3.2
0.41,Very Good,J,VS1,61.3,59,647,4.74,4.78,2.92
0.7,Ideal,G,VS1,61.3,59,2987,5.68,5.7,3.49
0.51,Good,D,VS2,63.5,56,1668,5.04,5.1,3.22
0.92,Good,G,VS2,63.4,57,4243,6.17,6.23,3.93
0.74,Very Good,H,SI2,63.1,55,2138,5.72,5.78,3.63
0.53,Ideal,G,VVS2,61.7,56,2051,5.23,5.2,3.22
1.02,Ideal,G,SI1,62.4,55,5016,6.43,6.48,4.03
2.01,Premium,H,SI2,62.3,58,15773,8.06,8.11,5.04
0.91,Very Good,G,SI1,60.2,58,4429,6.29,6.31,3.79
0.4,Premium,D,VS1,59.2,59,1123,4.79,4.81,2.84
1.01,Ideal,D,VVS2,61.5,57,11015,6.43,6.48,3.97
0.51,Ideal,H,VVS1,62.7,57,1702,5.12,5.15,3.22
0.72,Very Good,F,SI2,63.1,58,2246,5.69,5.63,3.57
0.71,Ideal,E,SI1,61.9,56,2404,5.76,5.71,3.55
0.31,Ideal,H,VS2,61.6,55,595,4.34,4.38,2.69
2.01,Good,I,VS2,63.6,57,16003,7.87,7.95,5.03
0.72,Ideal,D,SI1,61.7,55,3568,5.77,5.8,3.57
1.03,Ideal,G,SI1,61.9,56,4928,6.46,6.5,4.01
0.34,Ideal,E,VVS1,62,56,1014,4.48,4.52,2.79
0.31,Ideal,E,VS1,60.4,57,734,4.37,4.4,2.65
0.34,Good,H,VS2,63.7,57,689,4.44,4.42,2.82
1.12,Ideal,F,VVS2,62.2,55,10949,6.64,6.68,4.14
1.03,Good,G,SI2,63.7,60,3929,6.28,6.35,4.02
0.5,Ideal,E,VS2,62.1,54,1624,5.11,5.13,3.18
0.7,Good,J,VS2,63.2,61,1843,5.59,5.62,3.54
0.35,Premium,E,VS2,61.6,58,767,4.52,4.57,2.8
0.43,Ideal,E,VS2,62.2,57,1048,4.84,4.8,3
1.13,Ideal,H,VS2,62,57,6045,6.61,6.69,4.12
1.01,Ideal,F,SI1,60.9,55,5345,6.5,6.48,3.95
0.55,Premium,F,SI2,60.6,58,1175,5.28,5.31,3.21
0.51,Very Good,D,VS1,63.1,58,1838,5.05,5.1,3.2
1.63,Ideal,I,SI1,61.3,56,9694,7.64,7.56,4.66
2.01,Good,I,VS2,64.3,60,11954,7.91,7.86,5.07
0.51,Ideal,D,VS2,61.5,56,1674,5.21,5.17,3.19
0.64,Good,F,VS2,59.3,60.7,2063,5.59,5.66,3.34
0.39,Premium,F,SI1,60.1,59,823,4.77,4.74,2.86
0.9,Ideal,I,VS2,61.3,56,3805,6.24,6.2,3.81
0.57,Ideal,E,VS1,61.4,57,2068,5.37,5.32,3.28
0.52,Premium,G,SI2,58.8,62,1196,5.31,5.3,3.12
0.3,Premium,E,SI2,61.7,61,540,4.31,4.28,2.65
0.5,Very Good,D,SI1,60.3,59,1415,5.11,5.14,3.09
0.41,Very Good,F,SI1,62.8,57,755,4.69,4.73,2.96
1.23,Premium,H,VVS2,62.8,56,8004,6.9,6.82,4.31
0.96,Premium,F,SI1,60.6,62,4480,6.39,6.35,3.86
0.7,Ideal,F,SI1,62.1,56,2596,5.67,5.65,3.51
0.32,Ideal,E,VS2,62.7,55,702,4.36,4.38,2.74
0.32,Ideal,G,VVS1,62.1,54,802,4.4,4.43,2.74
0.4,Premium,D,VVS2,60.8,59,1323,4.81,4.76,2.91
0.9,Very Good,F,SI1,62.8,59,4099,6.1,6.16,3.85
1.11,Premium,G,SI2,61.2,59,4755,6.74,6.66,4.1
0.25,Ideal,G,VS1,62.3,53,460,4.02,4.07,2.52
0.28,Very Good,H,VS1,61.9,56,429,4.18,4.2,2.59
0.56,Ideal,D,VVS1,61.9,56,3496,5.32,5.28,3.28
1.12,Very Good,E,SI1,58.8,61,5447,6.74,6.8,3.98
1,Very Good,G,SI1,59.3,63,4827,6.48,6.44,3.83
1.56,Ideal,J,SI2,62.1,55,5766,7.45,7.41,4.62
0.42,Ideal,G,VS1,62,55,984,4.83,4.78,2.98
1.01,Ideal,D,VVS2,61.6,57,12996,6.44,6.48,3.98
0.76,Good,F,VS1,59.9,61,3057,5.89,5.98,3.56
1.36,Ideal,F,VS1,61.4,57,11132,7.25,7.09,4.4
0.3,Ideal,I,VS1,62.5,57,473,4.29,4.32,2.69
0.41,Ideal,F,SI1,62.7,57,755,4.7,4.74,2.96
1.23,Ideal,G,VS1,61.2,56,9119,6.92,6.98,4.25
0.51,Premium,G,VS1,62.2,58,1662,5.11,5.09,3.17
0.71,Fair,D,SI2,64.6,60,2198,5.62,5.59,3.62
0.87,Ideal,H,VS2,61.7,57,3118,6.14,6.09,3.77
0.3,Premium,H,VVS1,62.3,58,684,4.29,4.32,2.68
0.27,Ideal,E,VVS2,62.2,55,622,4.12,4.17,2.58
1.01,Good,G,SI2,63.7,58,3626,6.31,6.35,4.03
0.33,Ideal,G,VS1,61.5,56,699,4.45,4.48,2.74
1.01,Good,F,SI1,63.7,57,4899,6.35,6.4,4.06
0.3,Good,D,SI1,63.1,55,552,4.28,4.31,2.71
0.7,Premium,F,SI1,61.9,58,2230,5.69,5.74,3.54
0.71,Very Good,I,VS2,61.4,56,2219,5.73,5.79,3.53
0.49,Premium,J,SI2,59.8,59,900,5.14,5.12,3.07
0.3,Premium,E,VVS2,60.1,59,789,4.32,4.37,2.61
0.31,Good,D,SI2,63.6,54,593,4.34,4.31,2.75
1.43,Ideal,J,SI1,60.5,58,6789,7.25,7.34,4.41
0.52,Ideal,G,VVS2,61,56,1911,5.18,5.24,3.18
0.72,Ideal,F,SI2,61.7,55,2298,5.79,5.75,3.56
1.08,Premium,G,VS1,62.9,55,6982,6.6,6.53,4.13
0.51,Good,D,SI2,63.8,56,1268,5.09,5.07,3.24
0.26,Ideal,I,VS1,62.5,53,417,4.08,4.11,2.56
0.3,Premium,F,VS1,59.8,60,799,4.39,4.31,2.6
1.55,Ideal,I,VS2,62.6,56,8831,7.35,7.41,4.62
0.71,Premium,E,SI1,60.5,55,2756,5.79,5.74,3.49
0.67,Good,G,VS2,63.8,60,1990,5.5,5.47,3.5
1.02,Premium,F,SI1,60.1,60,5686,6.58,6.53,3.94
2.07,Very Good,H,SI1,59.5,59,18489,8.27,8.3,4.92
0.4,Premium,F,SI1,61.2,58,945,4.74,4.71,2.89
0.41,Ideal,F,VS1,62.6,55,1076,4.77,4.75,2.98
1.12,Ideal,H,SI1,62.8,55,5863,6.66,6.61,4.17
0.31,Good,F,VS2,63.6,54,749,4.33,4.28,2.74
1.16,Premium,G,VVS1,61.6,55,11717,6.85,6.72,4.18
1.05,Ideal,G,VS2,61.9,57,6562,6.47,6.51,4.03
1.01,Premium,F,VS2,61.2,57.5,7277,6.43,6.45,3.94
0.54,Ideal,G,SI1,61.7,55,1187,5.24,5.27,3.24
1.01,Fair,E,VS2,64.8,59,4972,6.34,6.26,4.08
0.71,Ideal,E,SI1,61.7,55,3376,5.73,5.77,3.55
0.4,Ideal,H,VVS2,60.8,55,877,4.79,4.82,2.92
0.51,Ideal,D,SI2,59.8,55,1359,5.23,5.17,3.11
0.33,Good,F,VS2,63.2,56,666,4.39,4.41,2.78
0.42,Premium,E,SI1,61.5,58,722,4.78,4.84,2.96
0.31,Very Good,I,VS1,62.8,57,489,4.28,4.32,2.7
1.07,Very Good,I,SI1,61.8,60,4307,6.52,6.56,4.04
0.72,Ideal,D,VS1,62.3,54,3622,5.74,5.79,3.59
1.76,Very Good,I,SI2,62,57,9898,7.7,7.74,4.78
0.32,Ideal,E,IF,62.9,54,1018,4.37,4.41,2.76
2,Fair,J,SI1,66.4,55,11189,7.82,7.67,5.15
0.51,Ideal,E,SI1,61.5,55,1438,5.16,5.18,3.18
0.31,Very Good,G,VS2,63,54,544,4.33,4.37,2.74
1.01,Good,G,SI1,63.2,59,5021,6.32,6.36,4.01
0.71,Ideal,G,VVS2,61.5,57,3909,5.74,5.78,3.54
0.41,Ideal,F,VS2,62.4,58,1085,4.77,4.75,2.97
0.81,Very Good,H,SI1,60.2,58,2936,6.06,6.1,3.66
0.4,Very Good,G,SI1,62.9,57,699,4.69,4.72,2.96
0.51,Very Good,E,VVS1,59.9,57,2501,5.22,5.24,3.14
1.06,Ideal,F,VVS2,62.1,57,9118,6.54,6.5,4.05
1.51,Premium,I,SI1,61.7,60,9177,7.27,7.31,4.5
2.01,Premium,H,SI2,61.5,59,11635,8.12,8.08,4.98
1.21,Very Good,H,SI1,63.1,60,5871,6.74,6.69,4.24
0.43,Ideal,E,SI1,61.2,56.2,803,4.87,4.89,2.99
0.44,Good,J,VS1,63.2,57,694,4.82,4.86,3.06
0.53,Premium,F,VS2,60.6,55,1753,5.26,5.23,3.18
0.92,Good,E,SI1,63.7,57,4258,6.11,6.14,3.9
1.22,Very Good,G,VS2,62.3,58,8340,6.79,6.82,4.24
0.53,Ideal,G,VS1,62.2,55,1692,5.18,5.21,3.23
1.54,Premium,G,VS2,63,59,11815,7.36,7.3,4.62
0.32,Premium,E,VS1,62,58,1008,4.35,4.29,2.68
1.21,Very Good,I,VS1,61.2,58,5866,6.85,6.91,4.21
0.36,Very Good,E,SI1,61.3,56,631,4.58,4.62,2.82
2.1,Very Good,J,SI2,59.1,58,12381,8.4,8.46,4.98
1.2,Premium,G,IF,59.4,61,10169,6.95,6.92,4.12
2.01,Very Good,H,VS2,60.7,56,18561,8.08,8.17,4.93
1.2,Good,G,SI2,62.1,60,5310,6.72,6.78,4.19
0.31,Ideal,H,SI1,62.4,55,464,4.31,4.35,2.7
1.21,Ideal,G,VS1,61.3,57,10685,6.82,6.87,4.2
0.42,Premium,E,SI1,61.2,60,873,4.86,4.81,2.96
0.54,Ideal,G,VVS1,62.2,56,2080,5.18,5.23,3.24
0.38,Ideal,G,VS2,61.6,55,743,4.67,4.71,2.89
0.51,Ideal,H,SI2,61.9,54,983,5.13,5.15,3.18
0.41,Ideal,G,IF,62.4,54,1259,4.77,4.82,2.99
1,Good,E,VVS2,64.1,57,7692,6.32,6.29,4.04
0.31,Premium,G,VS1,63,57,802,4.32,4.28,2.71
1.31,Very Good,H,SI2,61.7,59,6263,6.96,7.01,4.31
1.1,Premium,G,VS1,58.4,60,7399,6.85,6.81,3.99
1.45,Fair,F,SI2,64.4,58,6455,7.17,7.11,4.59
0.7,Premium,G,SI1,60.3,61,2352,5.75,5.72,3.46
1.52,Very Good,I,VS2,61.7,55,10130,7.39,7.32,4.54
1.56,Premium,H,VS2,62.5,59,10702,7.3,7.33,4.57
1.12,Ideal,J,SI2,62.5,57,4325,6.63,6.59,4.13
0.9,Very Good,H,VS1,62.7,57,4136,6.14,6.18,3.86
0.9,Very Good,I,SI2,60.4,58,3099,6.25,6.31,3.79
0.32,Ideal,E,VS1,61.9,56,758,4.38,4.41,2.72
0.55,Ideal,F,VS1,60.6,56,1890,5.33,5.37,3.24
1.06,Premium,E,SI2,60.5,60,4652,6.61,6.67,4.02
1.68,Ideal,H,SI1,61.9,56,13375,7.63,7.72,4.75
0.51,Ideal,G,VS1,61.3,55.7,1595,5.15,5.18,3.16
0.3,Very Good,I,SI1,63.5,57,506,4.26,4.24,2.7
0.31,Ideal,G,VVS1,61.7,57,1046,4.38,4.34,2.69
1.5,Fair,F,VS2,65.3,57,13853,7.15,7.12,4.66
0.7,Very Good,J,VS1,59.6,62,1855,5.7,5.77,3.42
0.32,Very Good,D,SI1,62.6,58,589,4.33,4.36,2.72
1.51,Ideal,I,VS2,62.6,56,9234,7.32,7.27,4.57
0.73,Premium,I,VS1,60.3,58,2393,5.87,5.83,3.53
0.7,Very Good,G,SI1,62.5,59,2545,5.69,5.73,3.57
0.9,Very Good,I,SI2,63.5,56,2826,6.17,6.07,3.88
0.6,Premium,G,SI1,60.8,58,1286,5.44,5.39,3.29
0.33,Ideal,E,VVS1,60.7,57,906,4.46,4.5,2.72
2.02,Good,I,VS2,57.9,62,16789,8.25,8.3,4.79
0.56,Ideal,G,VVS1,62,56,2202,5.28,5.3,3.28
0.97,Ideal,H,SI2,60.7,55,3729,6.47,6.41,3.91
0.55,Ideal,E,SI1,60.1,57,1621,5.36,5.38,3.22
0.53,Ideal,D,IF,61.5,54,3517,5.27,5.21,3.22
0.53,Premium,F,VS1,59.4,58,1766,5.32,5.28,3.15
1.01,Premium,F,VVS2,59.3,60,8579,6.52,6.5,3.86
1.23,Ideal,H,VS2,59,57,6406,7.05,6.99,4.14
1.3,Ideal,F,VVS2,62.1,55,12629,6.96,7.04,4.35
2.3,Good,I,SI2,63.8,55,12944,8.4,8.35,5.34
0.56,Ideal,D,VS2,61.9,57,2066,5.3,5.26,3.27
0.28,Ideal,E,VVS1,62,56,828,4.23,4.19,2.61
1.01,Good,G,VS2,57.5,62,5701,6.58,6.53,3.77
1.01,Premium,G,VS2,61.9,59,5864,6.38,6.34,3.94
1.19,Ideal,D,SI2,60.4,55,5406,6.89,6.91,4.17
1.21,Ideal,H,SI1,61.2,57,5973,6.86,6.93,4.22
1.1,Premium,H,SI2,62.6,57,4435,6.6,6.56,4.12
0.5,Good,D,SI2,58.5,64,958,5.2,5.12,3.02
0.3,Ideal,F,VS2,62,55,605,4.31,4.33,2.68
0.71,Premium,E,SI1,60.8,60,2629,5.75,5.69,3.48
1.58,Ideal,I,VS1,62.4,54,10920,7.43,7.46,4.64
1.82,Premium,I,VS1,61.4,60,13939,7.83,7.8,4.8
0.71,Premium,I,SI2,60.3,58,1917,5.78,5.72,3.47
1.04,Very Good,E,SI1,63.5,56,5381,6.41,6.37,4.06
1.53,Ideal,G,SI1,62.4,57,11230,7.33,7.41,4.6
0.96,Ideal,G,SI2,62,58,3945,6.3,6.34,3.92
0.5,Fair,G,I1,65.2,56,727,4.95,4.89,3.21
0.31,Very Good,E,IF,61.5,59,1209,4.34,4.37,2.68
0.54,Ideal,I,IF,61.6,53,1647,5.26,5.3,3.25
0.8,Ideal,F,VS1,61.6,54,3953,5.95,5.99,3.68
1.07,Ideal,G,VS2,62.2,57,6471,6.55,6.53,4.07
0.71,Very Good,H,SI1,64,58,2141,5.57,5.61,3.58
0.91,Premium,F,SI2,58.9,61,3546,6.36,6.33,3.74
0.38,Ideal,E,VVS2,62.2,56,1100,4.58,4.65,2.87
0.3,Ideal,I,SI1,62.3,56,506,4.35,4.32,2.7
0.31,Ideal,F,VS2,60.5,57,591,4.39,4.41,2.66
0.51,Ideal,F,VS1,61.9,56,1744,5.11,5.17,3.18
0.91,Very Good,G,SI1,63.5,61,3710,6.1,6.05,3.86
0.5,Ideal,H,SI1,61.8,56,1035,5.1,5.12,3.16
0.8,Ideal,F,SI1,62.4,57,2890,5.9,5.87,3.67
0.31,Ideal,F,VVS1,61.4,56,840,4.37,4.4,2.69
0.65,Premium,E,SI2,61.4,59,1640,5.57,5.52,3.41
0.41,Premium,G,VS2,61.4,59,827,4.75,4.79,2.93
0.41,Ideal,H,VVS2,62,56,961,4.78,4.74,2.95
0.33,Premium,G,VS1,61.9,59,666,4.43,4.45,2.75
0.72,Ideal,E,VS2,62.8,57,2835,5.71,5.73,3.59
0.73,Premium,E,SI2,61.8,58,2278,5.76,5.71,3.54
1.29,Ideal,I,VS2,62.7,57,6509,6.97,6.91,4.35
0.4,Ideal,J,VS2,62.6,57,599,4.68,4.71,2.94
0.41,Premium,F,VS2,62.6,58,1107,4.81,4.75,2.99
1.41,Good,E,VVS2,59.9,61,14853,7.21,7.37,4.37
1.81,Premium,I,VS2,62.7,58,12939,7.77,7.68,4.84
1.05,Premium,F,SI2,61.7,60,4363,6.58,6.49,4.03
1.3,Ideal,G,VS2,61.9,55,9225,7.04,7.01,4.35
0.33,Ideal,H,VS2,60.7,55,551,4.48,4.51,2.73
0.39,Premium,D,VVS2,62.9,58,1290,4.66,4.62,2.92
1.42,Ideal,J,VS2,61.7,56,7942,7.22,7.27,4.47
0.33,Ideal,E,VS1,60.9,57,850,4.47,4.5,2.73
0.32,Ideal,G,VS2,62.1,56,672,4.4,4.36,2.72
1.5,Ideal,I,VVS2,61.7,55,10646,7.32,7.39,4.54
1.15,Premium,F,SI2,61.8,54,4186,6.78,6.75,4.18
0.5,Ideal,G,VVS2,61,56,1779,5.13,5.14,3.13
0.59,Ideal,G,SI1,61.8,56,1718,5.37,5.39,3.32
0.34,Ideal,F,VS2,62.1,56,686,4.45,4.47,2.77
0.7,Good,E,VS2,64.2,60,2394,5.58,5.64,3.6
0.38,Ideal,F,VS2,62.2,57,1026,4.63,4.6,2.87
1.01,Very Good,G,VS1,61.9,58,6152,6.42,6.5,4
0.32,Ideal,E,VVS2,61.3,54,779,4.42,4.45,2.72
0.71,Premium,D,VS2,59.2,59,3217,5.8,5.86,3.45
0.9,Ideal,G,SI1,62.1,56,4161,6.16,6.2,3.84
2.05,Premium,J,VS1,62.5,60,14973,8.09,8.14,5.07
1.01,Very Good,F,VS2,63.7,56,6289,6.29,6.34,4.02
0.54,Ideal,F,SI2,60.8,56,1235,5.26,5.34,3.22
0.75,Ideal,I,SI1,61.5,58,2383,5.82,5.86,3.59
0.46,Ideal,E,VVS1,62.6,57,1586,4.89,4.98,3.09
0.3,Ideal,H,VS2,60.9,58,491,4.29,4.32,2.62
0.33,Premium,F,SI1,60.9,59,705,4.45,4.42,2.7
0.73,Ideal,F,SI1,62.1,55,2822,5.75,5.78,3.58
0.25,Premium,E,VVS1,60.7,60,740,4.11,4.09,2.49
0.92,Very Good,J,SI2,58.7,61,2880,6.34,6.43,3.75
0.24,Very Good,F,VVS2,61.8,56,608,4.01,4.04,2.48
0.9,Very Good,H,SI2,62.8,57,3160,6.15,6.2,3.88
0.51,Ideal,G,VS2,61,56,1585,5.17,5.2,3.16
1.51,Good,G,VS1,63.1,55,12489,7.3,7.34,4.62
0.37,Premium,D,SI1,62.2,58,874,4.62,4.58,2.86
1.5,Good,E,SI1,64.2,55,12870,7.22,7.17,4.62
1.2,Very Good,F,VS1,62.9,57,9586,6.73,6.78,4.25
0.51,Premium,D,VS2,62,60,1716,5.07,5.12,3.16
0.34,Ideal,D,IF,59.8,57,2287,4.57,4.59,2.74
1.21,Ideal,F,VS2,62.9,54,8557,6.82,6.78,4.28
1,Premium,D,SI2,62.2,61,4626,6.36,6.3,3.94
0.3,Ideal,H,VS1,62.1,54,526,4.32,4.35,2.69
0.93,Ideal,I,SI1,61.9,57,3359,6.23,6.21,3.85
0.3,Ideal,G,IF,61.9,57,863,4.27,4.29,2.65
0.78,Premium,I,SI1,60.8,60,2377,5.97,5.94,3.62
0.36,Premium,H,VVS2,60.6,58,932,4.6,4.58,2.78
1.2,Good,I,VS1,59.6,61,5818,6.84,6.89,4.09
0.81,Premium,F,SI1,59.4,60,2403,6.11,6.07,3.62
0.9,Premium,E,VS2,62.6,59,4687,6.14,6.06,3.82
1.2,Ideal,F,VS2,61.9,53,8669,6.84,6.79,4.22
1.01,Premium,G,IF,63,60,8120,6.35,6.31,3.99
0.32,Ideal,F,VS2,62.5,56,828,4.38,4.36,2.73
1.21,Ideal,H,VS2,62.6,55,7562,6.84,6.78,4.26
0.61,Ideal,D,VS2,61,57,2147,5.45,5.47,3.33
0.52,Very Good,E,SI2,62.7,56,1173,5.07,5.1,3.19
0.41,Ideal,E,VS1,60.9,57,1153,4.79,4.76,2.91
0.41,Good,I,VS1,63.7,57,969,4.72,4.67,2.99
0.7,Very Good,F,SI1,63.2,56,2100,5.61,5.5,3.51
1.52,Good,J,VS2,63.1,61,6982,7.19,7.23,4.55
0.66,Good,H,VS1,59.8,60.9,1978,5.62,5.68,3.38
0.71,Premium,F,VS1,61.8,59,2765,5.69,5.73,3.53
0.81,Premium,I,SI1,61.8,58,2313,5.97,5.91,3.68
0.32,Very Good,E,VVS2,62.4,56,744,4.34,4.38,2.72
0.7,Ideal,F,VVS2,61.2,56,4114,5.73,5.78,3.52
1.51,Ideal,D,VS2,60.9,57,15776,7.42,7.45,4.53
0.54,Ideal,F,SI2,61.2,56,1162,5.27,5.28,3.23
0.4,Good,E,SI1,63.5,57,687,4.7,4.72,2.99
0.3,Premium,E,VS2,62.1,59,844,4.29,4.27,2.66
0.71,Very Good,J,VS1,63.3,55,1981,5.66,5.62,3.57
2.03,Good,D,SI2,63.1,59,13109,8.12,7.99,5.08
0.5,Ideal,E,VS1,62.4,58,1678,5.04,5.06,3.15
0.37,Ideal,G,VS2,60.8,57,833,4.66,4.61,2.82
0.56,Ideal,F,VS2,61.8,55,1950,5.3,5.34,3.29
1.01,Very Good,F,VS2,62.8,57,7258,6.34,6.44,4.01
1.01,Premium,F,SI1,62.2,59,5345,6.41,6.36,3.97
0.41,Ideal,G,VVS2,61.1,55,1076,4.83,4.8,2.94
1.01,Very Good,G,SI1,62.4,58,4653,6.39,6.44,4
0.34,Premium,H,VS2,62.6,60,689,4.46,4.42,2.78
1.53,Premium,F,VS2,58.5,60,14483,7.62,7.56,4.44
0.71,Ideal,E,VS1,62,57,3380,5.72,5.66,3.53
0.71,Good,J,SI1,61.5,62,1755,5.61,5.66,3.47
0.6,Ideal,E,SI1,61.4,57,1601,5.52,5.46,3.37
0.5,Good,G,VVS2,63.9,58,1806,5.05,5,3.21
0.72,Very Good,H,SI2,62.6,53,1970,5.75,5.78,3.61
1.21,Ideal,G,VVS1,61.4,58,10483,6.85,6.89,4.22
2.04,Very Good,H,SI1,63,58,17952,8.03,8.1,5.08
1.5,Premium,H,SI1,61.4,58,10080,7.41,7.28,4.51
1.14,Ideal,J,SI1,61.7,54,4708,6.71,6.74,4.15
0.51,Ideal,G,VVS2,62.2,53.4,1859,5.11,5.15,3.19
0.74,Ideal,E,SI1,60.8,56,3497,5.85,5.89,3.57
2.01,Fair,J,SI1,64.4,61,11212,7.74,7.78,5
2.29,Premium,I,SI1,61.8,59,18797,8.52,8.45,5.24
1.01,Ideal,D,VS2,59.8,56,6999,6.49,6.52,3.89
1.01,Premium,G,VS2,60.9,55,5288,6.5,6.48,3.95
1.01,Very Good,I,VS1,63.4,57,5041,6.32,6.39,4.03
0.62,Premium,E,SI2,61.1,59,1579,5.51,5.46,3.35
0.32,Ideal,E,VS2,62.1,55,900,4.4,4.36,2.72
1,Premium,F,SI1,58.6,58,5292,6.56,6.52,3.83
1.23,Ideal,G,VVS1,61.4,55,11417,6.89,6.93,4.24
0.32,Ideal,F,IF,60.9,56,949,4.42,4.44,2.7
0.72,Ideal,G,VVS1,61.7,54.8,3548,5.73,5.77,3.55
0.41,Ideal,G,VS1,61.2,57,870,4.77,4.8,2.93
1.22,Very Good,G,SI1,62.1,58,6334,6.84,6.89,4.26
1.52,Very Good,F,SI1,61.4,59,11776,7.39,7.46,4.56
0.38,Premium,G,VS1,61,58,833,4.67,4.71,2.86
0.9,Very Good,G,SI2,64.2,56,3123,6.04,6.11,3.9
0.71,Good,I,VS1,63.8,53,2104,5.7,5.64,3.62
0.38,Ideal,F,VS2,62.1,57,800,4.61,4.67,2.88
0.37,Ideal,E,VS2,62.3,56,1041,4.59,4.56,2.85
0.31,Premium,G,VVS1,62.2,59,816,4.3,4.32,2.68
0.41,Ideal,F,VVS1,61.7,57,1356,4.8,4.77,2.95
1.01,Premium,D,VVS1,59.3,59,11480,6.56,6.53,3.88
0.38,Ideal,E,VS2,61.9,57,963,4.66,4.61,2.87
0.7,Good,F,SI2,64.1,55,1851,5.58,5.52,3.56
0.3,Ideal,G,VS2,61.9,57,984,4.26,4.3,2.65
1.27,Ideal,G,SI2,61.8,56,6045,6.96,6.93,4.29
1,Premium,H,VS2,60.7,60,4930,6.55,6.49,3.96
2.12,Premium,G,I1,60,58,7508,8.39,8.28,4.99
0.51,Ideal,E,VVS1,62.3,53.7,2524,5.1,5.12,3.19
1,Good,E,SI1,59.8,65,4213,6.56,6.45,3.89
0.8,Ideal,G,SI2,62.2,57,2657,5.93,5.96,3.7
0.24,Ideal,F,VS2,61.8,57,417,3.97,4.02,2.47
0.76,Very Good,G,VS2,61.1,57,3170,5.84,5.95,3.6
0.32,Premium,E,I1,60.9,58,444,4.42,4.38,2.68
0.51,Premium,G,VVS2,61.7,58,1875,5.11,5.14,3.16
2.14,Very Good,I,VS2,59.7,57,16914,8.41,8.48,5.04
1.5,Ideal,G,VS1,61.3,53.9,13820,7.37,7.42,4.53
1.53,Ideal,H,SI1,61.9,58,8289,7.38,7.42,4.58
1.02,Good,D,SI1,63.5,61,5497,6.27,6.35,4.01
1.71,Very Good,J,SI1,62.9,58,8690,7.58,7.64,4.79
1.01,Ideal,G,VS2,61.6,57,6271,6.44,6.41,3.96
1,Good,G,SI1,62.5,62,4466,6.32,6.36,3.96
0.3,Ideal,E,SI1,62.3,57,564,4.28,4.32,2.68
0.95,Very Good,E,SI1,62.8,59,4711,6.21,6.25,3.91
0.77,Ideal,D,SI2,60.6,56,2973,5.9,5.95,3.59
0.35,Good,F,SI2,63.8,56,460,4.45,4.48,2.85
0.55,Good,J,VS1,63.8,61,969,5.09,5.12,3.26
0.7,Good,F,VS1,64,57,2381,5.62,5.54,3.57
0.7,Ideal,J,VVS1,61.6,58,1945,5.69,5.71,3.51
0.76,Ideal,G,SI2,62.3,55,2489,5.83,5.89,3.65
0.31,Ideal,E,SI1,60.6,56,595,4.39,4.42,2.67
0.41,Premium,G,SI1,62.5,58,719,4.75,4.78,2.98
0.35,Premium,F,VS2,61.9,58,906,4.54,4.48,2.79
0.26,Ideal,H,SI1,60.5,58,474,4.16,4.17,2.52
1.6,Premium,G,VVS2,60.6,60,16068,7.51,7.57,4.57
0.7,Very Good,G,VS1,60.8,56,2512,5.72,5.76,3.49
0.8,Premium,F,SI2,61.4,58,2447,5.95,5.93,3.65
1.01,Good,F,SI2,63.6,59,4121,6.34,6.37,4.04
0.51,Ideal,D,VVS2,62,55,2145,5.13,5.16,3.19
0.7,Very Good,G,IF,63,59,3725,5.58,5.62,3.53
1,Premium,H,VS1,61.8,61,5169,6.4,6.31,3.93
0.64,Ideal,F,VS1,61.9,56.8,2222,5.55,5.6,3.45
0.41,Good,G,I1,63.8,56,467,4.7,4.74,3.01
0.41,Ideal,D,VS2,61.7,56,1007,4.78,4.81,2.96
0.71,Ideal,G,IF,61.8,57,3772,5.7,5.75,3.54
0.34,Premium,D,VS2,62.1,58,1033,4.5,4.45,2.78
1.01,Very Good,G,SI1,63.5,60,4672,6.33,6.3,4.01
0.3,Good,I,VVS1,63.8,56,552,4.23,4.26,2.71
1.7,Premium,G,SI1,62.5,61,13737,7.54,7.47,4.69
0.42,Ideal,E,SI1,62.1,55,743,4.79,4.81,2.98
1.07,Very Good,G,SI1,60.5,62,4861,6.6,6.69,4.02
0.5,Good,I,SI2,65.3,56,855,4.91,5.01,3.24
0.57,Premium,F,SI2,62.1,59,1746,5.33,5.29,3.3
0.4,Ideal,J,VS1,61.3,56,606,4.77,4.79,2.93
0.55,Very Good,E,SI1,61,61,1551,5.25,5.3,3.22
0.41,Ideal,F,SI1,60.5,56,909,4.81,4.84,2.92
0.41,Ideal,F,VS1,62.3,55,1007,4.77,4.79,2.98
0.4,Ideal,I,VVS2,62,56,1035,4.77,4.74,2.95
0.32,Premium,G,VVS1,61.9,58,1080,4.39,4.36,2.71
1.05,Premium,G,SI1,60.3,57,4974,6.64,6.59,3.99
1.58,Ideal,H,VS2,62.7,56,11262,7.39,7.44,4.65
1.39,Premium,F,SI1,62.4,59,8925,7.14,7.09,4.44
0.71,Ideal,D,VS1,61.3,56,3406,5.75,5.77,3.53
0.35,Ideal,H,VVS2,59.2,56,706,4.6,4.65,2.74
1.13,Ideal,I,SI2,62,55,5378,6.68,6.7,4.15
0.4,Ideal,D,VS1,62.2,57,1043,4.71,4.74,2.94
0.7,Very Good,H,VS2,62.9,57,2498,5.6,5.66,3.54
0.7,Ideal,G,SI2,61.4,57,2232,5.69,5.74,3.51
1.05,Ideal,G,VVS2,62.5,55,8645,6.49,6.53,4.07
0.92,Premium,H,VS2,59.6,59,3916,6.32,6.29,3.76
0.72,Premium,J,SI1,60.4,61,1579,5.87,5.82,3.53
1.7,Ideal,J,VS1,60.9,58,10589,7.73,7.68,4.69
0.58,Premium,G,VVS2,59.7,59,2095,5.45,5.4,3.24
0.34,Premium,G,SI1,61.5,56,650,4.52,4.45,2.76
0.59,Ideal,D,SI1,61.8,56,1816,5.37,5.4,3.33
0.57,Premium,G,VS2,61.1,59,1571,5.39,5.32,3.27
0.32,Ideal,F,VVS1,62.1,56,990,4.43,4.39,2.74
2.09,Premium,J,SI2,60,60,13092,8.32,8.37,5.01
1.31,Ideal,G,VS1,61.9,56,10099,7.03,7.13,4.38
1.62,Very Good,H,SI1,63.1,56,10567,7.38,7.51,4.7
1.22,Ideal,E,VVS2,63,55,12036,6.83,6.78,4.29
0.73,Very Good,F,VS1,62,57,3200,5.73,5.75,3.56
1.01,Very Good,F,VVS1,62.8,60,9667,6.4,6.34,4
0.3,Very Good,E,SI1,59.7,59.9,526,4.36,4.4,2.61
0.41,Premium,I,VVS2,59.9,58,827,4.81,4.87,2.9
1.01,Very Good,J,SI1,58.9,59,3952,6.56,6.62,3.88
0.34,Ideal,E,SI1,62.1,55,596,4.47,4.51,2.79
1.64,Very Good,F,SI1,62.8,59,12555,7.51,7.53,4.72
0.5,Very Good,D,VS2,60.8,56,1758,5.14,5.16,3.13
0.72,Premium,I,SI1,60.8,58,1858,5.83,5.78,3.53
0.23,Ideal,F,VS1,61.4,55,548,3.96,3.99,2.44
1.55,Very Good,I,VS1,59,58,10711,7.56,7.63,4.48
1.01,Ideal,H,VS2,62.7,57,5306,6.41,6.39,4.01
0.84,Very Good,F,SI2,62.8,57,2656,5.99,6.04,3.78
0.51,Ideal,G,VS2,62,56,1443,5.18,5.11,3.19
0.41,Premium,F,VS2,60.3,60,863,4.81,4.84,2.91
2.01,Ideal,J,VS1,60.9,56,16319,8.14,8.18,4.97
2.51,Very Good,I,SI2,62.3,57,18090,8.69,8.76,5.44
0.3,Ideal,F,VS1,62.3,54,615,4.31,4.33,2.69
0.33,Very Good,F,VVS1,61.1,58,912,4.42,4.46,2.71
1.52,Very Good,D,VS2,62.4,58,13799,7.23,7.28,4.53
0.35,Premium,D,SI1,61,60,644,4.54,4.58,2.78
1.38,Ideal,F,VVS1,62.9,56,15968,7.04,7.1,4.45
0.77,Premium,D,SI1,59.5,60,2939,6.01,5.95,3.56
1.12,Premium,E,SI2,63,61,4215,6.66,6.61,4.18
0.31,Ideal,G,VVS1,62.5,54,789,4.34,4.37,2.72
1.01,Very Good,H,VS2,61.6,57,5393,6.41,6.44,3.96
0.31,Ideal,D,VS1,62,57,863,4.35,4.33,2.69
0.7,Fair,I,VS2,64.4,55,1996,5.6,5.55,3.59
0.53,Good,D,VS2,58.4,58,1625,5.31,5.38,3.12
1.16,Premium,H,VS2,62.3,56,6202,6.77,6.68,4.19
0.34,Ideal,H,IF,61.7,56,863,4.5,4.51,2.78
0.32,Ideal,H,VVS1,61.9,56,730,4.38,4.41,2.72
0.71,Fair,F,SI2,60.1,68,2327,5.8,5.72,3.46
1.5,Premium,G,SI1,62.6,55,9265,7.31,7.27,4.56
0.9,Premium,H,I1,62.8,61,1939,6.09,6.07,3.82
0.34,Ideal,H,IF,61.6,55,844,4.51,4.55,2.78
0.79,Ideal,G,SI1,60.3,60,2907,5.98,6.02,3.62
0.74,Very Good,I,VS1,62.3,60,2491,5.78,5.8,3.61
0.72,Premium,D,VS2,60.6,57,3205,5.82,5.79,3.52
1.51,Premium,H,IF,60.2,60,13194,7.44,7.41,4.47
0.87,Premium,J,SI1,61.4,57,2321,6.17,6.14,3.78
1.04,Premium,H,SI1,58.5,62,4659,6.67,6.64,3.89
1.02,Ideal,I,SI2,62.9,56,3521,6.45,6.37,4.03
1.53,Very Good,F,VS1,60.3,58,15079,7.48,7.51,4.52
0.41,Ideal,I,VVS1,61.8,55,1107,4.79,4.76,2.95
0.32,Ideal,F,VS2,62.8,57,828,4.36,4.33,2.73
1.16,Ideal,I,VS2,61.5,57,5302,6.78,6.75,4.16
0.38,Ideal,D,VS1,62,55,1140,4.68,4.64,2.89
0.41,Premium,E,SI2,61.3,59,876,4.85,4.8,2.96
0.24,Very Good,F,VVS2,61.9,56,492,3.97,4.01,2.47
0.78,Very Good,F,VS1,60.6,57,3401,5.95,6,3.62
0.35,Good,F,VS2,57.9,60,596,4.65,4.68,2.7
0.3,Premium,E,VS2,62.2,60,658,4.24,4.28,2.65
0.32,Premium,H,SI1,63,59,591,4.37,4.33,2.74
1.12,Very Good,I,SI1,61.7,58.1,4724,6.6,6.66,4.09
1.52,Very Good,D,SI2,61.2,63,9030,7.39,7.31,4.5
1.35,Ideal,J,SI1,61,55,4423,7.17,7.09,4.35
1.09,Premium,I,SI1,61.7,59,4273,6.59,6.53,4.05
1.08,Very Good,G,SI2,62.9,59,4544,6.53,6.57,4.12
1.24,Premium,F,VS1,60.1,59,9738,6.99,7.02,4.21
0.64,Fair,I,VS2,55.3,69,1411,5.85,5.69,3.19
2.27,Ideal,I,SI2,60.5,55,12939,8.63,8.53,5.19
0.7,Ideal,I,SI1,60.8,59,2083,5.74,5.78,3.5
0.39,Ideal,I,VS1,62.5,54,816,4.67,4.7,2.92
1.56,Very Good,J,SI1,59.6,58,7424,7.55,7.59,4.51
0.55,Ideal,J,VS1,62.3,56,1550,5.26,5.24,3.27
0.29,Ideal,G,VVS2,61.3,56,600,4.23,4.25,2.6
0.41,Ideal,F,VS2,60.9,57,863,4.74,4.78,2.9
1.52,Good,I,SI1,64,58,9129,7.2,7.27,4.63
0.4,Ideal,E,VS2,62.2,56,975,4.74,4.72,2.94
0.56,Ideal,E,VVS1,62.1,56,2750,5.28,5.29,3.28
0.31,Ideal,E,VS2,60.9,57,872,4.36,4.34,2.65
0.75,Premium,E,VS2,61.8,58,3206,5.83,5.85,3.61
1,Very Good,D,SI2,60.8,63,3965,6.41,6.36,3.88
0.54,Premium,G,VS2,62.7,58,1422,5.21,5.25,3.28
1.5,Very Good,E,SI2,62.7,59,8167,7.22,7.3,4.55
0.52,Good,E,SI1,63.7,54,1388,5.12,5.15,3.27
1.04,Premium,J,SI1,60.2,56,4036,6.61,6.54,3.96
2.02,Ideal,I,SI2,60.9,60,14027,8.08,8.14,4.94
1.65,Very Good,G,SI2,62.2,58,9791,7.55,7.62,4.72
0.31,Ideal,G,VS2,61.6,54,544,4.39,4.41,2.71
0.4,Ideal,D,SI1,61.3,57,726,4.74,4.79,2.92
0.33,Very Good,H,VS2,62.8,59,521,4.38,4.44,2.77
1.23,Premium,H,VS2,59.5,59,7431,7.08,7.01,4.19
2.01,Very Good,H,VS2,63.2,58,18507,7.93,8.01,5.04
0.74,Premium,G,SI1,59.6,59,2447,5.94,5.87,3.52
0.32,Premium,I,SI1,62.9,58,554,4.35,4.33,2.73
1.33,Ideal,J,VS1,62.5,58,6449,6.99,7.03,4.38
0.9,Very Good,F,VS2,62.7,58,5160,6.12,6.19,3.86
0.52,Premium,F,SI1,61.5,60,1191,5.15,5.16,3.17
1.01,Premium,E,SI2,59.5,60,3801,6.59,6.53,3.9
1.51,Ideal,I,SI1,62.4,59,8752,7.27,7.34,4.56
1.05,Good,H,VS1,63.3,57,5555,6.4,6.45,4.07
0.7,Ideal,E,VS2,61.9,57,2553,5.69,5.74,3.54
0.77,Good,D,SI2,63.8,58,2665,5.81,5.78,3.7
1.01,Premium,F,SI1,59.1,56,5854,6.65,6.52,3.89
1.2,Ideal,H,I1,58.6,57,3763,7.01,6.96,4.09
0.51,Premium,E,SI1,58.8,58,1443,5.28,5.23,3.09
0.37,Premium,E,VS2,61,59,888,4.65,4.6,2.82
0.31,Premium,G,VVS1,62.1,59,1046,4.39,4.34,2.71
0.7,Good,E,VS1,61,61,2952,5.69,5.72,3.48
1.2,Ideal,G,VS1,62,55,9625,6.81,6.87,4.24
0.73,Very Good,E,SI1,57.7,61,2844,5.92,5.96,3.43
0.5,Premium,G,VS1,60.9,59,1583,5.14,5.11,3.12
1.01,Very Good,D,SI2,59.1,63,3605,6.54,6.59,3.88
0.5,Ideal,D,VS2,61.1,57,2243,5.11,5.13,3.13
1.01,Very Good,E,SI1,63,57,5627,6.28,6.36,3.98
1.06,Ideal,G,VS2,61.6,56,6728,6.53,6.59,4.04
0.3,Good,H,SI1,63.7,57,554,4.28,4.26,2.72
0.32,Very Good,E,VS1,61.1,59.8,792,4.43,4.45,2.71
0.32,Ideal,D,VS2,61.5,56,758,4.39,4.42,2.71
0.92,Very Good,E,SI2,62.1,58,4011,6.18,6.22,3.85
0.71,Very Good,F,VS1,62.6,55,2893,5.66,5.71,3.56
1.11,Premium,F,VVS2,59.2,59,9377,6.79,6.82,4.03
0.93,Premium,D,SI2,62,56,4692,6.27,6.22,3.87
1.01,Very Good,I,VS1,62.2,60,4756,6.39,6.35,3.96
0.9,Very Good,F,SI1,59.1,59,4498,6.3,6.35,3.74
1,Ideal,G,VS1,62.7,53,7114,6.39,6.46,4.03
0.53,Premium,G,SI1,62.1,62,1206,5.15,5.13,3.19
0.71,Good,E,SI2,58.7,61,2226,5.73,5.78,3.38
0.74,Ideal,E,SI1,61.6,54,2699,5.82,5.9,3.61
0.93,Very Good,G,SI2,62.7,57,3738,6.21,6.26,3.91
0.86,Ideal,E,SI2,61.8,57,3828,6.1,6.13,3.78
1.06,Premium,I,VS1,62.4,55,4920,6.57,6.5,4.08
0.31,Premium,F,VVS1,59.4,58,766,4.41,4.45,2.63
0.3,Ideal,E,VVS1,61.2,57,838,4.32,4.34,2.65
0.3,Ideal,E,VVS2,62.3,54.1,779,4.28,4.34,2.69
0.38,Premium,E,VVS1,61.9,58,1267,4.62,4.66,2.87
0.34,Premium,H,VVS2,61.4,58,880,4.5,4.46,2.75
0.53,Ideal,G,VVS2,61.4,57,1948,5.19,5.26,3.21
0.7,Ideal,E,VS1,61.8,56,2837,5.74,5.69,3.53
0.61,Ideal,G,VS1,61.5,56,2182,5.48,5.5,3.38
1.5,Very Good,H,VS1,59.6,60,12152,7.39,7.42,4.41
0.5,Good,E,SI1,62.5,59,1293,5.04,5.07,3.16
0.96,Good,H,SI2,56.7,62,3611,6.51,6.39,3.66
0.81,Premium,H,VS2,58,59,2795,6.17,6.13,3.57
1.14,Premium,I,SI1,60.1,60,4788,6.81,6.76,4.08
0.32,Ideal,G,VVS2,61.5,57,730,4.39,4.43,2.71
0.93,Premium,E,SI1,62.8,56,4739,6.26,6.2,3.91
2.14,Ideal,I,SI2,61.9,56,14321,8.22,8.26,5.1
0.34,Very Good,E,SI1,63.5,55,714,4.47,4.44,2.83
1.01,Premium,E,SI2,59.5,59,4751,6.58,6.54,3.9
0.73,Very Good,F,SI1,60.4,57,2549,5.86,5.89,3.55
1.04,Premium,G,SI1,62.8,57,4467,6.5,6.41,4.05
0.33,Ideal,G,VVS1,61.8,55,838,4.47,4.5,2.77
1.7,Premium,J,VVS1,62.9,60,11005,7.61,7.56,4.77
0.34,Good,G,VVS2,58,61,826,4.56,4.58,2.65
0.35,Good,F,SI1,63.1,56,583,4.46,4.51,2.83
0.54,Ideal,E,VS2,61.7,55,1754,5.24,5.27,3.24
1.01,Good,H,VS2,64.3,58,4489,6.27,6.2,4.01
1.01,Good,I,SI1,58.4,64,3394,6.51,6.48,3.79
0.6,Ideal,H,SI1,61.4,55,1766,5.46,5.49,3.36
0.8,Ideal,F,SI1,61,56,3082,6.05,5.98,3.67
0.7,Ideal,G,VVS2,60.3,57,3191,5.75,5.83,3.49
0.7,Very Good,J,VVS1,63.3,55,2042,5.63,5.68,3.58
1.07,Ideal,J,VS2,61.6,56.3,4602,6.55,6.59,4.04
0.9,Premium,H,SI2,59.2,60,3326,6.3,6.24,3.71
1.21,Ideal,I,SI1,62.4,55,5218,6.81,6.78,4.24
1.21,Very Good,I,SI1,62.9,55,5452,6.69,6.76,4.23
0.73,Ideal,E,SI2,61.3,54,2431,5.8,5.88,3.58
0.42,Very Good,G,VS1,60.6,58,921,4.82,4.95,2.96
0.28,Very Good,F,VVS1,61.4,60,642,4.19,4.22,2.58
1,Ideal,I,SI2,61.7,56,2873,6.45,6.41,3.97
1.01,Very Good,D,VVS2,63,56,10800,6.35,6.41,4.02
1,Fair,G,I1,64.9,56,2398,6.2,6.14,4.01
0.3,Ideal,F,VS2,62.9,57,776,4.29,4.27,2.69
2.02,Premium,F,SI2,61.7,58,18320,8.11,8.15,5.02
0.7,Very Good,D,SI1,63.7,60,2565,5.57,5.61,3.56
0.31,Ideal,E,VS2,61.4,54,872,4.4,4.33,2.68
0.8,Premium,J,SI1,60.1,57,2227,6.03,5.98,3.61
0.3,Good,E,VVS1,63.5,57,775,4.23,4.27,2.7
0.7,Fair,H,VS1,59.6,66,2395,5.8,5.74,3.44
1.33,Premium,I,VS2,62.5,61,6316,7.02,6.99,4.38
0.32,Very Good,E,VS1,62.9,57,661,4.36,4.39,2.75
0.71,Premium,D,VS2,60.3,62,3077,5.76,5.69,3.45
0.9,Very Good,F,SI1,59.6,63,3992,6.24,6.17,3.7
0.33,Ideal,H,VS2,61.1,56,539,4.5,4.54,2.76
1.19,Premium,H,SI2,61.9,58,4332,6.84,6.77,4.21
0.63,Ideal,G,SI1,62.3,58,1711,5.44,5.48,3.4
1.01,Premium,D,VS2,61,59,6827,6.44,6.41,3.92
0.5,Ideal,E,VVS1,61.9,58,2682,5.07,5.11,3.15
0.23,Very Good,E,VVS2,61.8,59,465,3.92,3.95,2.43
1.24,Ideal,D,VVS2,61.5,57,14737,6.88,6.94,4.25
1.27,Ideal,G,VVS2,62.4,53.3,10342,6.94,6.95,4.33
1.52,Premium,H,SI1,61.2,58,8566,7.53,7.43,4.57
1.5,Ideal,H,VS2,62.8,57,11159,7.3,7.25,4.57
2,Ideal,H,SI1,63.9,54,18440,7.92,8,5.1
0.34,Very Good,D,VS1,59.8,57,725,4.54,4.59,2.73
1,Premium,G,VS1,59.7,59,7164,6.57,6.5,3.9
1.23,Ideal,H,SI2,60.6,57,5951,6.98,6.94,4.22
1.17,Premium,H,SI1,58.5,62,5831,6.95,6.9,4.05
2.52,Premium,F,SI2,60.6,60,18179,8.78,8.7,5.3
1.6,Good,E,SI1,63.6,58,12467,7.38,7.44,4.71
0.46,Very Good,E,VS1,58.7,60,1452,5.08,5.15,3
0.52,Ideal,G,SI2,59.7,56,1042,5.28,5.31,3.16
2.36,Good,J,SI2,58.9,64,12286,8.75,8.68,5.14
1.09,Ideal,H,SI1,61.1,57,5219,6.69,6.6,4.1
0.94,Ideal,F,I1,61.5,55,2594,6.37,6.34,3.91
0.9,Premium,G,SI2,60.4,58,3445,6.25,6.3,3.79
0.33,Ideal,E,VS1,62.3,53.8,771,4.42,4.44,2.76
0.31,Ideal,E,VVS2,61.2,56,979,4.37,4.39,2.68
0.58,Very Good,H,SI1,62.1,55,1239,5.35,5.38,3.33
0.7,Ideal,E,VS2,61,56,3376,5.76,5.79,3.52
1.24,Very Good,F,VVS1,62.7,61,11716,6.75,6.84,4.26
1.36,Very Good,H,SI2,61.5,58,6279,7.09,7.16,4.38
0.31,Premium,D,VVS1,61.1,56,1060,4.42,4.35,2.68
0.31,Premium,G,VS1,61.2,60,625,4.3,4.33,2.64
0.28,Very Good,E,VS2,60.4,59,487,4.22,4.26,2.56
2.5,Ideal,J,SI2,64,55,14502,8.56,8.48,5.46
0.71,Very Good,F,VS2,59.6,56,2994,5.84,5.88,3.49
0.3,Premium,H,VVS2,62.1,52,776,4.31,4.29,2.67
0.77,Good,D,SI2,63.8,58,2642,5.78,5.81,3.7
1.21,Very Good,H,SI1,60.2,58,6229,6.89,6.93,4.16
0.9,Very Good,G,SI1,62.7,59,4059,6.12,6.17,3.85
0.5,Very Good,E,SI1,61.4,63,1128,5.06,5.1,3.12
1.52,Premium,E,VS1,59.9,60,16628,7.39,7.47,4.45
1.26,Ideal,F,VVS1,61.1,57,15247,6.96,6.98,4.26
0.9,Very Good,D,VVS2,62.6,59,6872,6.11,6.15,3.84
0.41,Ideal,E,SI2,61.9,57,683,4.76,4.8,2.96
2,Good,G,SI1,64.2,59,17902,7.93,7.84,5.06
0.71,Very Good,D,VVS2,61.7,58,4014,5.71,5.74,3.53
1.03,Premium,J,VS1,61.8,58,3957,6.51,6.41,3.99
0.9,Premium,J,VS1,62.1,62,2964,6.12,6.05,3.78
1.17,Ideal,G,VVS1,61.9,56,9799,6.73,6.78,4.18
0.36,Premium,D,SI1,61.5,59,851,4.55,4.52,2.79
1.16,Premium,F,SI2,62.4,59,5164,6.72,6.64,4.17
1.18,Very Good,J,SI2,63.5,57,4294,6.68,6.74,4.26
0.33,Ideal,F,VVS2,60.9,56,974,4.47,4.5,2.73
0.71,Very Good,H,VS2,62.6,56,2432,5.68,5.72,3.57
0.72,Ideal,J,SI1,62.3,56,1864,5.75,5.78,3.59
1.5,Fair,I,I1,65.1,59,5040,7.12,6.96,4.58
1.32,Premium,G,SI1,62.1,59,6542,7.03,6.99,4.35
1.05,Ideal,E,VS1,62.6,57,7762,6.5,6.44,4.05
0.3,Ideal,E,VVS1,61.6,55,838,4.34,4.36,2.68
0.51,Very Good,E,VS2,60.5,56,1656,5.18,5.24,3.15
1.33,Premium,H,SI2,62.8,52,6405,7.15,7.06,4.46
1.2,Very Good,G,VS2,62.2,58,8124,6.75,6.79,4.21
1.24,Ideal,F,VS1,62.2,55,9333,6.89,6.87,4.28
0.32,Very Good,F,VS1,59.1,59,613,4.45,4.48,2.64
0.3,Premium,E,SI1,59.8,60,526,4.31,4.35,2.59
0.39,Good,G,IF,63.5,56,1213,4.65,4.67,2.96
1,Fair,G,VVS2,66.9,55,4534,6.2,6.17,4.14
0.3,Premium,G,VVS2,60.8,58,684,4.34,4.38,2.65
0.71,Ideal,G,VS1,62.4,57,2950,5.68,5.73,3.56
1.01,Very Good,G,SI1,63.4,58,5051,6.29,6.4,4.02
1.52,Very Good,F,VS2,62.9,53.3,15649,7.31,7.36,4.61
1.12,Premium,G,IF,61.2,58,9440,6.67,6.7,4.09
0.71,Ideal,G,VS2,61.6,55,2537,5.74,5.78,3.55
1.02,Very Good,H,SI2,62.6,57,4341,6.42,6.46,4.03
1.31,Good,G,SI2,63.8,56,4864,7.03,6.89,4.44
0.51,Ideal,E,VS1,61.8,55,1697,5.15,5.18,3.19
0.8,Very Good,G,SI2,63,55,2616,5.92,5.95,3.74
0.32,Premium,H,VS1,62.4,58,561,4.35,4.4,2.73
0.55,Ideal,H,IF,61.9,56,2120,5.26,5.34,3.26
2.27,Fair,J,I1,67.6,55,5733,8.05,8,5.43
1.47,Very Good,H,SI2,59.3,59,7438,7.34,7.39,4.37
0.52,Very Good,H,VVS1,63.9,59,1664,5.08,5.1,3.25
0.31,Good,I,VS1,63.9,56,628,4.3,4.28,2.74
0.9,Very Good,H,SI1,60.8,57,3770,6.22,6.25,3.79
0.56,Ideal,G,SI1,61.6,59,1755,5.27,5.32,3.26
0.42,Ideal,F,SI2,61.7,54,626,4.85,4.87,3
1.01,Ideal,I,SI1,60.3,58,4641,6.5,6.56,3.94
1.54,Very Good,G,VS1,63.4,57,14433,7.28,7.36,4.64
1.2,Very Good,I,VS1,62.8,54.5,6652,6.75,6.79,4.25
0.7,Premium,E,SI1,62.9,58,2333,5.68,5.61,3.55
1.04,Ideal,G,VS2,62.5,57,6589,6.46,6.49,4.05
0.28,Ideal,H,VVS2,61.2,55,514,4.18,4.22,2.57
0.91,Ideal,E,SI2,61.5,56,3898,6.23,6.2,3.82
0.9,Premium,I,SI1,61.8,58,3251,6.21,6.19,3.83
0.37,Ideal,H,VVS1,62,53,815,4.63,4.66,2.88
0.31,Very Good,G,VVS2,62.6,57,707,4.29,4.33,2.7
0.7,Fair,F,SI2,64.8,57,1792,5.65,5.59,3.64
1.03,Premium,F,SI2,61.4,57,4586,6.6,6.53,4.03
0.28,Ideal,F,VS2,61.8,54,490,4.18,4.23,2.6
1.01,Ideal,G,VVS2,62,58,7597,6.36,6.39,3.95
0.36,Ideal,G,VVS2,62.3,56,776,4.55,4.57,2.84
0.6,Ideal,E,VS2,61.8,56,1897,5.41,5.46,3.36
1.51,Ideal,H,SI1,61.3,56,10012,7.44,7.4,4.55
1.01,Premium,F,SI2,61.7,60,4533,6.36,6.42,3.94
1.01,Very Good,F,SI1,62.7,57,5174,6.32,6.38,3.98
1.52,Premium,F,SI2,60.7,61,6554,7.47,7.36,4.5
0.9,Very Good,F,SI2,63.1,58,3457,6.13,6.11,3.86
0.34,Ideal,E,SI1,61.4,54,765,4.53,4.5,2.77
1.09,Very Good,D,IF,61.7,58,18231,6.55,6.65,4.07
0.34,Ideal,H,VVS1,61.1,56,751,4.51,4.56,2.77
0.3,Very Good,F,VVS2,62.4,57,694,4.25,4.27,2.66
0.71,Ideal,H,VS2,61.8,55,3080,5.75,5.78,3.56
0.44,Good,D,VS2,60.6,64,1238,4.97,4.89,2.99
0.34,Ideal,H,VS1,62.3,55,765,4.48,4.45,2.78
0.72,Ideal,J,SI2,61.7,55,1926,5.77,5.81,3.57
0.5,Very Good,G,SI1,64.1,57,1187,5.04,5.07,3.24
0.35,Ideal,E,SI1,62.3,56,614,4.53,4.56,2.83
0.51,Ideal,E,SI1,60.8,57,1437,5.17,5.22,3.16
0.97,Premium,G,SI1,62.6,58,4400,6.24,6.18,3.89
0.71,Good,H,SI1,64,61,2207,5.61,5.54,3.57
1.01,Very Good,D,VS2,59.8,60,6563,6.42,6.46,3.85
1.53,Very Good,E,SI1,62.6,57,12386,7.25,7.41,4.59
2.01,Very Good,J,SI1,62.4,59,12392,8.02,8.08,5.02
0.9,Premium,H,SI1,61.9,58,3629,6.2,6.15,3.82
1.37,Premium,F,SI2,62.8,57,6181,7.12,7.08,4.46
0.54,Very Good,F,VVS1,59.7,56,2356,5.33,5.35,3.19
0.3,Ideal,G,VS1,61.4,55,776,4.36,4.31,2.66
1.02,Ideal,E,VS2,61,56,8225,6.53,6.51,3.98
0.31,Ideal,G,VS2,61.8,53,652,4.35,4.39,2.7
1,Very Good,H,SI1,63.4,56,4469,6.37,6.34,4.03
0.91,Ideal,G,SI1,62.5,56,4673,6.19,6.22,3.88
1.11,Ideal,G,VS2,61.2,56,6982,6.68,6.65,4.08
0.31,Very Good,E,VS2,61.8,59,680,4.3,4.37,2.68
1.35,Premium,H,VS2,61.5,58,8062,7.15,7.09,4.38
0.41,Ideal,F,IF,62.3,55,1439,4.78,4.82,2.99
0.72,Ideal,I,VS2,61.7,56,2650,5.75,5.8,3.56
0.41,Ideal,F,VVS1,61.3,56,1001,4.8,4.82,2.95
0.52,Fair,F,VS1,57.2,59,1784,5.35,5.39,3.07
1.22,Ideal,G,SI2,62.9,56,5436,6.86,6.78,4.29
0.4,Good,I,VVS1,63.9,56,1080,4.68,4.64,2.98
1.23,Very Good,G,SI2,61,63,4477,6.91,6.85,4.2
0.35,Ideal,G,VVS1,61,56,1028,4.56,4.59,2.79
0.41,Premium,D,VVS1,62.2,58,1413,4.77,4.71,2.95
0.5,Ideal,H,VS2,62.3,58,1400,5.12,5.05,3.17
3.01,Premium,F,I1,62.2,56,9925,9.24,9.13,5.73
0.81,Ideal,E,SI2,62.1,57,3050,5.97,5.91,3.69
1.23,Good,D,SI2,60.5,64,5689,6.94,6.88,4.18
1,Premium,I,VS1,60.3,62,3763,6.46,6.41,3.88
1.5,Very Good,G,SI1,63.1,59,10139,7.22,7.27,4.57
1.42,Good,H,SI2,61.8,61,7437,7.01,7.09,4.36
0.56,Ideal,G,SI1,62.1,55,1417,5.29,5.33,3.3
1.01,Good,F,VS2,61.7,58,6288,6.3,6.34,3.9
0.54,Very Good,J,SI1,61.3,55,1080,5.23,5.28,3.22
0.78,Ideal,F,SI1,62.4,54,2700,5.95,5.9,3.7
1.02,Ideal,H,SI1,62.5,57,4746,6.41,6.46,4.02
0.26,Ideal,E,VS1,61.8,55,580,4.13,4.09,2.54
1.2,Ideal,H,SI2,61,57,5610,6.84,6.9,4.19
1.6,Premium,G,SI1,62.4,61,11189,7.43,7.4,4.63
0.32,Ideal,G,VVS2,61.5,57,936,4.43,4.39,2.71
0.4,Good,E,SI2,63.1,57,622,4.7,4.72,2.97
0.7,Ideal,F,VS2,61.8,54,2671,5.68,5.71,3.52
0.23,Very Good,E,VVS1,61.4,59,530,3.93,3.99,2.43
0.77,Ideal,D,VS2,61.8,56,3721,5.84,5.9,3.63
0.54,Ideal,E,VS1,62,56,2041,5.26,5.23,3.25
1.53,Very Good,H,VS2,60.9,63,11452,7.37,7.41,4.5
1.4,Ideal,H,VS2,63,56,8977,7.13,7.07,4.47
1.51,Very Good,H,SI1,61.7,61,9218,7.3,7.35,4.52
1.54,Ideal,G,VS2,61.5,57,11487,7.44,7.41,4.57
0.33,Premium,G,VS1,60.5,58,854,4.49,4.43,2.7
0.63,Ideal,F,IF,60.9,57,3749,5.53,5.57,3.38
0.41,Ideal,I,VS2,61.2,56,1056,4.77,4.81,2.93
0.37,Premium,E,VS2,61,59,692,4.6,4.65,2.82
1,Ideal,D,SI2,62.3,56,4427,6.39,6.33,3.96
0.7,Fair,E,VS2,60.6,64,2697,5.77,5.62,3.45
1.22,Ideal,G,VS1,62.2,56,9292,6.88,6.85,4.27
0.32,Premium,I,VVS2,61.9,59,561,4.35,4.38,2.7
1.5,Ideal,J,SI1,59.4,62,6745,7.38,7.35,4.38
1.51,Premium,E,SI1,61.5,61,11565,7.41,7.31,4.53
1.7,Very Good,G,VS2,61.9,55,18107,7.64,7.68,4.74
0.42,Premium,F,VVS1,60.5,58,1326,4.81,4.84,2.92
0.42,Good,F,VS1,59.9,65,1088,4.83,4.89,2.91
1.21,Ideal,F,IF,62.8,56,15497,6.75,6.84,4.27
0.3,Good,H,SI1,63.9,55,540,4.27,4.24,2.72
2.01,Good,I,VS2,62.4,62,16304,7.91,7.99,4.96
0.72,Very Good,E,VS2,62.9,57,2990,5.68,5.73,3.59
0.9,Very Good,D,VS1,58.9,59,5195,6.22,6.31,3.69
1.51,Ideal,D,SI2,61.2,56,6934,7.4,7.36,4.52
0.53,Very Good,J,VS2,62.7,56,996,5.15,5.18,3.24
0.4,Ideal,D,SI1,60.8,57,772,4.77,4.81,2.91
0.7,Fair,H,I1,66.5,57,1058,5.51,5.4,3.64
0.81,Very Good,H,SI2,62.1,56,2504,5.95,5.99,3.71
0.25,Premium,E,VVS2,62.5,59,576,4.02,4.05,2.52
0.71,Ideal,H,SI1,62.7,55,2313,5.66,5.7,3.56
0.3,Good,G,VS2,63.5,54,526,4.25,4.28,2.71
0.52,Ideal,J,VS2,61.6,57,1141,5.16,5.19,3.19
0.7,Very Good,D,VVS2,62.3,56,3622,5.66,5.7,3.54
1.51,Very Good,G,SI1,61.5,54,10947,7.35,7.42,4.54
0.53,Ideal,H,SI1,62.6,56,1077,5.28,5.1,3.25
1.03,Premium,H,VS1,61.2,58,5744,6.52,6.55,4
1.02,Premium,G,SI1,60.7,60,4855,6.51,6.48,3.94
0.51,Ideal,G,VVS2,61.9,55,1974,5.19,5.15,3.2
0.43,Premium,F,SI2,58.3,62,813,4.97,4.91,2.88
1.2,Good,J,SI2,63.3,54.4,4659,6.72,6.78,4.27
0.77,Premium,G,SI2,61.2,58,1996,5.99,5.96,3.64
0.3,Ideal,G,VS1,61.7,57,776,4.32,4.3,2.66
1.06,Very Good,E,SI2,62.1,56,4972,6.52,6.59,4.07
1.51,Premium,J,SI1,61.2,62,6976,7.36,7.32,4.49
1.23,Premium,G,VS1,61.3,58,8759,6.87,6.89,4.22
1.29,Premium,F,SI1,62.5,60,7730,6.97,6.91,4.34
1.24,Very Good,I,SI2,61.6,59,5497,6.87,6.9,4.24
1.01,Very Good,F,SI1,62.4,59,5861,6.37,6.42,3.99
1.22,Ideal,H,SI1,62.2,56,6541,6.84,6.89,4.27
1.53,Ideal,H,SI1,61.1,57,10659,7.45,7.44,4.55
0.32,Premium,G,IF,59.9,58,954,4.42,4.43,2.65
0.31,Premium,F,VS2,59.3,60,802,4.41,4.39,2.61
0.35,Ideal,F,SI2,62.8,55,591,4.53,4.48,2.83
0.51,Premium,D,SI1,60.1,60,1687,5.17,5.15,3.1
1.01,Premium,F,VVS2,60.4,59,9231,6.49,6.45,3.91
0.5,Ideal,E,VVS2,61.8,53.6,2297,5.1,5.13,3.16
0.55,Premium,G,SI2,61.8,56,1280,5.28,5.23,3.25
1.2,Good,G,SI2,63.6,54,5049,6.71,6.75,4.28
0.7,Premium,E,VS1,61.8,58,3016,5.71,5.75,3.54
0.91,Very Good,F,SI1,59.7,55,4279,6.33,6.36,3.79
1.02,Ideal,G,VVS2,59.2,58,8107,6.56,6.62,3.9
0.37,Premium,E,VS1,60.4,58,1124,4.66,4.61,2.8
0.31,Ideal,G,IF,61.4,55,891,4.36,4.4,2.69
1.21,Premium,I,SI1,62.3,59,5556,6.81,6.77,4.23
1.39,Very Good,E,VS1,60.9,61,12614,7.15,7.19,4.37
0.3,Ideal,E,VS2,61.5,55,844,4.31,4.28,2.64
0.51,Very Good,E,IF,63.3,58,2925,5.03,5.08,3.2
0.43,Premium,F,SI1,62.6,58,792,4.77,4.81,3
1.5,Premium,E,SI2,61.2,59,10080,7.41,7.36,4.52
0.77,Good,H,VVS2,57.9,61,3027,6.07,6.01,3.5
2.4,Ideal,J,SI1,62,57,12468,8.53,8.47,5.27
2.32,Very Good,I,SI1,63.2,59,18371,8.55,8.44,5.37
1.05,Very Good,I,SI1,62.6,56,4688,6.49,6.45,4.05
0.53,Ideal,D,SI1,62.2,56,1753,5.23,5.19,3.24
0.31,Ideal,G,VS1,62.4,55,625,4.33,4.35,2.71
1.16,Ideal,H,SI1,60,60,5852,6.87,6.84,4.11
1,Premium,G,SI2,59.1,59,3696,6.54,6.5,3.85
0.54,Very Good,E,SI1,62.1,59,1379,5.17,5.2,3.22
1,Very Good,E,VS2,59.4,59,6377,6.44,6.46,3.83
0.59,Ideal,D,SI1,61.2,56,1821,5.43,5.38,3.31
1,Very Good,F,SI1,63.2,54,4088,6.3,6.23,3.96
0.92,Good,I,VS2,59.6,61,3785,6.28,6.34,3.76
1.03,Premium,D,SI2,61.3,61,4764,6.49,6.46,3.97
1.31,Premium,H,SI2,61.7,59,4548,7.03,6.98,4.32
1.08,Premium,G,VS1,63,59,7523,6.56,6.5,4.11
0.54,Premium,H,VS2,61.9,55,1389,5.25,5.22,3.24
1.13,Very Good,G,SI1,60.9,60,5280,6.67,6.76,4.09
0.66,Very Good,H,VS1,61.6,58.1,1978,5.54,5.58,3.42
0.5,Premium,F,I1,61.9,58,851,5.15,5.05,3.15
0.94,Premium,H,VS2,62.5,58,4264,6.26,6.18,3.89
0.36,Ideal,E,VS2,61.9,56,1013,4.59,4.56,2.83
0.4,Premium,G,SI1,59.3,59,900,4.82,4.8,2.85
1.11,Ideal,D,VVS1,62.1,55,14584,6.63,6.64,4.12
0.4,Premium,D,VS2,59.1,57,1050,4.87,4.81,2.86
0.71,Premium,E,VS2,62,61,3062,5.71,5.65,3.52
0.31,Ideal,E,VS2,60.9,57,745,4.36,4.38,2.66
0.71,Ideal,I,VS2,61.8,55,2614,5.7,5.73,3.53
1.04,Premium,I,SI2,62,57,3774,6.53,6.47,4.03
2.67,Good,F,SI2,63.8,58,18686,8.69,8.64,5.54
0.32,Ideal,E,VS1,61.8,55,972,4.43,4.4,2.73
0.36,Ideal,E,VS2,61.2,56,1013,4.63,4.59,2.82
0.57,Ideal,F,VS1,61.9,56,2052,5.39,5.3,3.31
0.26,Ideal,F,IF,61.6,56,657,4.07,4.11,2.52
1.01,Premium,G,VS2,63,58,5741,6.42,6.37,4.03
0.5,Very Good,F,SI2,62.5,56,1020,5.05,5.09,3.17
0.41,Ideal,G,VS1,60.8,56,899,4.79,4.82,2.92
0.5,Ideal,E,VS2,62,56,1559,5.06,5.1,3.15
2.04,Premium,H,SI1,62.5,61,18115,8.08,8.04,5.04
1.13,Premium,E,SI2,60.4,59,5316,6.75,6.7,4.06
0.54,Good,H,VVS2,60.9,57.2,1883,5.22,5.26,3.19
2.18,Very Good,I,SI2,61.4,59.5,14735,8.31,8.37,5.12
0.25,Very Good,G,VS2,63,54,407,4.04,4.06,2.55
0.3,Ideal,I,VVS1,62.1,54,540,4.29,4.31,2.67
0.26,Very Good,F,VS2,62.5,55,381,4.05,4.08,2.54
2.02,Premium,I,SI1,62.1,58,11119,8.1,8.04,5.01
0.72,Ideal,E,SI1,60.8,55,2869,5.77,5.84,3.53
0.4,Premium,D,VVS2,58.3,59,1152,4.9,4.88,2.85
0.55,Ideal,F,VVS2,60.8,56,2294,5.27,5.32,3.22
1.2,Good,H,VS2,62.6,56,6468,6.73,6.76,4.22
1.16,Premium,I,SI1,60,58,4872,6.82,6.78,4.08
0.41,Ideal,D,VS1,61,57,1230,4.82,4.78,2.93
0.35,Very Good,F,VVS1,61.6,56,966,4.53,4.55,2.79
2.01,Premium,F,SI2,61.3,58,14067,8.14,8.07,4.97
0.7,Premium,G,VVS2,60.6,60,2999,5.77,5.69,3.47
0.32,Very Good,H,VS1,63,57,561,4.37,4.39,2.76
0.43,Ideal,D,VS2,62,55,1129,4.86,4.81,3
0.31,Ideal,E,VS1,61.7,56,734,4.37,4.41,2.71
0.56,Ideal,D,VS2,60.6,56,1963,5.33,5.37,3.24
0.71,Ideal,F,VS1,61.9,56,3799,5.66,5.72,3.53
1.54,Premium,E,SI2,59.9,60,8408,7.49,7.38,4.46
0.41,Ideal,E,VS1,62,55,1153,4.77,4.74,2.95
0.38,Ideal,I,VS1,62,54,700,4.67,4.72,2.91
0.59,Very Good,H,VVS2,61.1,57,1771,5.39,5.48,3.32
0.9,Very Good,G,SI2,63.4,59,3246,6.08,6.04,3.84
1.24,Ideal,I,VS2,62,55,6076,6.9,6.87,4.27
1.05,Ideal,E,VS2,61.7,55,9624,6.54,6.55,4.04
0.27,Ideal,G,VS1,62.3,56,490,4.14,4.16,2.58
1.6,Premium,J,VS1,61.3,59,9032,7.52,7.49,4.6
0.55,Ideal,G,VVS2,60.5,58,2016,5.3,5.34,3.22
2.02,Ideal,H,SI1,61.7,57,17882,8.14,8.08,5
1.1,Ideal,I,VS2,61.8,55.4,5273,6.62,6.65,4.1
0.7,Fair,F,VS2,64.5,57,2762,5.57,5.53,3.58
0.31,Ideal,E,VS2,61.8,54,680,4.34,4.37,2.69
1.7,Ideal,I,VVS2,61.7,57,13247,7.67,7.62,4.71
0.5,Good,F,VVS2,58.5,62,2052,5.23,5.27,3.07
0.27,Very Good,F,VVS2,62.3,59,591,4.14,4.18,2.59
0.7,Ideal,H,VS2,62.4,58,2429,5.67,5.71,3.55
0.5,Very Good,D,VS1,59.8,58,1893,5.12,5.14,3.07
1.03,Ideal,G,VS1,62.1,57,6558,6.44,6.47,4.01
0.75,Good,E,SI1,58.3,60,2923,5.94,5.99,3.48
0.78,Very Good,E,VS1,60,56,3601,6,6.03,3.61
0.71,Premium,D,SI2,61.7,59,2768,5.71,5.67,3.51
0.54,Ideal,F,VS1,60.9,57,1866,5.26,5.21,3.19
0.31,Very Good,G,SI2,61.8,59,408,4.3,4.34,2.67
1.01,Premium,F,VVS2,59.9,58,8905,6.54,6.49,3.9
1.53,Premium,G,SI1,61.7,59,9572,7.31,7.4,4.54
0.52,Ideal,G,SI1,62.2,54,1319,5.16,5.19,3.22
0.65,Good,F,VS1,61.7,60.3,2406,5.53,5.57,3.42
0.72,Very Good,J,VVS2,63,59,2144,5.7,5.72,3.6
0.71,Premium,J,VVS2,60.3,59,1843,5.79,5.82,3.5
0.31,Ideal,H,SI1,62.7,56,573,4.38,4.33,2.73
0.44,Very Good,H,VVS1,63.1,56,1016,4.83,4.87,3.06
0.77,Very Good,G,SI1,62.7,57,2633,5.79,5.85,3.65
1,Very Good,F,VS2,63.2,56,6701,6.32,6.37,4.01
0.33,Very Good,G,SI1,63.2,57,631,4.44,4.39,2.79
0.91,Premium,F,SI2,61,51,3546,6.24,6.21,3.8
0.7,Ideal,J,SI1,60.4,56,1926,5.71,5.74,3.46
0.55,Ideal,I,VVS1,62.7,57,1593,5.17,5.23,3.26
0.35,Premium,H,SI1,62.4,58,504,4.47,4.54,2.81
0.32,Premium,G,VS2,62.6,59,720,4.36,4.33,2.72
1.01,Good,F,VS2,63.1,60,6416,6.36,6.39,4.02
0.4,Premium,E,SI1,62.9,59,882,4.72,4.69,2.96
0.31,Very Good,H,VS2,60,60,489,4.4,4.43,2.65
0.91,Very Good,E,SI1,60.5,61,4211,6.19,6.23,3.76
0.51,Ideal,G,VVS2,62.6,57,1875,5.1,5.12,3.2
1.01,Very Good,H,VS1,63,55,5055,6.35,6.41,4.02
0.35,Premium,H,VS2,61.8,56,709,4.58,4.54,2.82
0.91,Premium,E,SI2,58.5,60,3379,6.34,6.31,3.7
2.38,Premium,H,VS1,60.9,59,18522,8.62,8.59,5.24
0.32,Ideal,F,VS2,62.6,55,828,4.41,4.38,2.75
0.31,Premium,H,VS2,62.2,59,628,4.38,4.34,2.71
0.4,Premium,J,IF,62.2,61,1063,4.71,4.68,2.92
1.1,Very Good,H,SI2,59.8,60,4561,6.7,6.77,4.03
0.3,Premium,D,VS2,61.7,59,710,4.25,4.28,2.63
0.51,Ideal,G,VVS1,61.9,53,1919,5.14,5.2,3.2
0.58,Ideal,F,VVS1,61.6,57,2728,5.33,5.38,3.3
0.31,Premium,E,VS1,61.9,58,942,4.32,4.31,2.67
0.59,Ideal,F,VS2,61,56,1828,5.41,5.44,3.31
0.51,Ideal,G,VVS2,61.6,56,1875,5.12,5.17,3.17
0.43,Ideal,G,IF,61.3,55,1683,4.86,4.89,2.99
1.51,Premium,J,VVS2,62.5,59,8930,7.34,7.29,4.57
0.72,Ideal,F,VS1,62.4,56,3084,5.76,5.72,3.58
0.31,Good,D,VS1,61.7,61,653,4.32,4.34,2.67
0.38,Ideal,J,VS1,62,53,645,4.66,4.7,2.9
1.02,Premium,F,VS1,61.4,59,6238,6.48,6.42,3.96
1.14,Premium,F,SI2,60.8,58,5008,6.79,6.74,4.11
1.07,Premium,D,SI1,63,57,6124,6.57,6.47,4.11
0.57,Ideal,E,VVS2,61.5,56,2447,5.31,5.35,3.28
0.35,Premium,G,VVS2,62.2,58,1024,4.54,4.49,2.81
1,Premium,E,SI1,61,61,4805,6.45,6.4,3.92
1.05,Premium,E,SI2,62.3,56,4939,6.54,6.47,4.05
0.38,Premium,I,VS2,60.2,58,812,4.75,4.69,2.84
1.53,Very Good,H,SI2,61.4,60,7991,7.36,7.43,4.54
1.2,Ideal,G,VS2,62.8,57,7243,6.78,6.72,4.24
1.04,Ideal,G,VS2,61.9,57,6290,6.5,6.46,4.01
1.01,Ideal,G,VS1,62.4,56,6794,6.44,6.39,4
0.56,Ideal,G,IF,61.8,54,2298,5.31,5.33,3.29
0.51,Good,D,VS2,63.7,57,1549,5,5.05,3.2
1.34,Ideal,J,VS1,62,57,5748,7.04,7.12,4.39
1.12,Ideal,G,VS1,61.6,55,7716,6.69,6.72,4.13
0.92,Ideal,H,SI1,61.6,56,4587,6.21,6.25,3.84
0.56,Premium,F,VS2,60.5,59,1935,5.42,5.33,3.25
0.4,Very Good,D,SI1,63.1,61,924,4.71,4.67,2.96
1.14,Ideal,F,VVS1,60.1,60,11226,6.79,6.83,4.09
1.4,Premium,I,VVS2,62,58,8467,7.22,7.16,4.46
0.4,Premium,D,SI1,60.3,62,924,4.75,4.7,2.85
0.4,Ideal,G,VS2,61.2,57,807,4.73,4.78,2.91
0.35,Ideal,E,VVS1,62.1,57,1195,4.52,4.55,2.81
0.95,Ideal,E,VS1,61.5,57,5983,6.28,6.3,3.87
0.9,Premium,G,VS2,61.5,60,4309,6.16,6.13,3.78
0.84,Very Good,H,SI1,61.2,57,2847,6.1,6.12,3.74
1.09,Premium,G,VS2,61.7,58,6504,6.6,6.53,4.05
1.09,Premium,G,VS2,60.6,62,6153,6.68,6.58,4.02
1.03,Ideal,G,SI1,60.8,57,5653,6.52,6.47,3.95
1.02,Fair,J,SI2,65,59,3119,6.34,6.24,4.08
0.38,Ideal,D,SI2,61.1,56,633,4.65,4.71,2.86
0.81,Very Good,G,SI2,62.9,56.9,2493,5.89,5.96,3.73
0.3,Ideal,E,VS1,62.5,56,694,4.27,4.31,2.68
0.7,Very Good,E,VS1,61.3,56,2967,5.68,5.71,3.49
1.13,Ideal,F,VVS2,61.4,56,10327,6.77,6.72,4.14
0.9,Ideal,E,VS1,61.7,56,6230,6.19,6.22,3.83
0.35,Ideal,F,VVS1,61.3,55,1096,4.55,4.58,2.8
0.96,Premium,E,SI1,58.7,62,4365,6.41,6.39,3.76
0.31,Ideal,G,IF,61.5,54,871,4.4,4.41,2.71
0.39,Very Good,H,SI1,58.4,63,696,4.8,4.85,2.82
0.44,Premium,G,SI1,61.1,59,990,4.9,4.86,2.98
0.38,Ideal,G,SI1,61.2,58,688,4.64,4.67,2.85
0.32,Good,F,VS2,63.6,57,828,4.37,4.34,2.77
0.54,Ideal,E,VS2,61.8,55,1847,5.26,5.24,3.24
1.02,Very Good,H,SI2,63.5,60,3998,6.33,6.24,3.99
1.22,Ideal,G,VS1,60.7,57,9166,6.94,6.93,4.21
0.35,Ideal,D,VS2,62.3,55,829,4.52,4.54,2.82
0.51,Premium,G,VS1,62.3,59,1781,5.12,5.06,3.17
0.53,Ideal,D,SI2,60.4,57,1412,5.3,5.26,3.19
0.3,Very Good,G,IF,61.4,59,831,4.27,4.3,2.63
0.72,Premium,H,SI1,62.7,59,2398,5.73,5.69,3.58
0.7,Ideal,F,SI1,62.2,55,2697,5.73,5.68,3.55
1.05,Very Good,G,SI1,59.1,57,4429,6.63,6.73,3.95
1.34,Premium,E,VS2,58.2,60,8480,7.26,7.21,4.21
0.51,Premium,I,VVS2,59.4,60,1211,5.26,5.21,3.11
1.25,Premium,G,VS1,61.8,58,9009,6.91,6.94,4.28
0.38,Ideal,F,VS2,62.2,54,870,4.64,4.66,2.89
0.28,Very Good,G,VVS2,61.4,55,522,4.21,4.24,2.59
0.31,Ideal,F,VS2,61.9,57,749,4.34,4.32,2.68
1,Good,E,VVS1,63.4,59,8359,6.27,6.24,4
0.23,Good,E,VS1,64.1,59,402,3.83,3.85,2.46
1.2,Premium,F,VS2,62.8,59,8964,6.78,6.69,4.23
1.51,Good,F,SI1,64.2,57,10514,7.09,7.2,4.59
0.4,Premium,F,VS2,60.7,60,842,4.75,4.8,2.9
0.7,Premium,I,VVS1,61.2,59,2513,5.65,5.69,3.47
1.01,Ideal,G,VS2,61.4,57,7179,6.44,6.5,3.97
0.51,Ideal,G,VS1,62.7,54,1781,5.1,5.08,3.19
1,Good,I,VS1,63.7,56,5018,6.34,6.32,4.03
0.8,Ideal,F,SI1,61.5,54,2890,6.07,6,3.71
0.23,Ideal,G,VS1,61.9,54,404,3.93,3.95,2.44
0.9,Good,G,VS2,64.4,62,4135,5.97,6.02,3.86
0.28,Very Good,D,VS1,60.5,58,458,4.23,4.26,2.57
0.25,Very Good,F,VVS2,59,58,575,4.1,4.14,2.43
0.9,Ideal,F,SI1,60.7,57,4401,6.21,6.25,3.78
0.41,Ideal,H,VVS1,62.2,57,1115,4.78,4.74,2.96
0.7,Good,H,VS2,58.9,65,2187,5.69,5.76,3.37
0.39,Premium,E,SI1,59.1,59,860,4.81,4.76,2.83
1.16,Ideal,D,SI2,62.5,56,5615,6.7,6.8,4.23
0.31,Ideal,I,VVS1,62.1,54,511,4.34,4.39,2.71
2.05,Premium,E,SI2,62.5,56,17294,8.17,8.08,5.08
0.55,Ideal,G,VVS2,61.4,56,2028,5.27,5.28,3.24
1.23,Ideal,J,SI2,62.4,58,5158,6.79,6.86,4.26
1.01,Good,E,SI1,64.1,62,4480,6.26,6.19,3.99
1.02,Good,I,SI2,63.6,56,3786,6.37,6.4,4.06
1.02,Good,D,SI2,57.5,62,3909,6.62,6.6,3.8
1,Ideal,I,SI1,58.5,55,3472,6.47,6.42,3.77
0.33,Ideal,D,SI1,62.4,54,608,4.41,4.44,2.76
0.45,Ideal,G,VVS1,61.7,56,1297,4.93,4.96,3.05
1.02,Premium,D,IF,61.5,60,15370,6.52,6.45,3.99
1.07,Fair,G,SI2,66.8,57,3545,6.34,6.26,4.21
0.42,Ideal,G,VS2,62.2,54.1,907,4.8,4.83,3
0.45,Premium,F,SI1,61.1,58,1046,4.97,4.95,3.03
0.52,Premium,G,SI1,62.6,58,1249,5.13,5.1,3.2
0.55,Ideal,G,VS2,60.1,55,1634,5.33,5.37,3.22
0.3,Premium,D,VS2,60.7,60,710,4.33,4.37,2.64
1.2,Premium,D,SI1,59.7,59,7338,6.91,6.86,4.11
1.37,Ideal,I,VS2,61.5,56,6343,7.14,7.11,4.38
0.41,Ideal,E,VS1,61.3,55,990,4.8,4.83,2.95
0.57,Ideal,E,SI1,61.9,56,1608,5.32,5.35,3.3
1,Ideal,I,SI1,61.4,56,4200,6.45,6.39,3.94
2.35,Premium,H,SI2,62.3,58,16340,8.51,8.44,5.28
0.42,Ideal,G,VVS2,62.2,56,1103,4.81,4.77,2.98
1.16,Ideal,J,SI1,61.8,55,5124,6.75,6.78,4.18
0.55,Ideal,F,VS1,60.3,57,1682,5.32,5.37,3.23
0.57,Very Good,F,SI2,60.1,56,1235,5.4,5.42,3.25
0.51,Ideal,E,SI1,61.5,57,1682,5.11,5.16,3.16
0.7,Very Good,H,SI1,61.5,57,2107,5.64,5.68,3.48
1.09,Very Good,G,VS1,62.5,59,6827,6.54,6.57,4.1
1.8,Ideal,F,SI1,61.8,57,16513,7.83,7.79,4.83
0.71,Ideal,D,VS1,60.9,57,3518,5.74,5.76,3.5
2.02,Ideal,J,VS2,62,56,12832,8.06,8.13,5.02
0.52,Premium,G,VVS2,61.8,59,2012,5.16,5.13,3.18
1.01,Premium,H,SI1,62.3,58,4513,6.42,6.35,3.98
0.33,Ideal,G,IF,61.5,55,946,4.48,4.5,2.76
1.01,Premium,H,VS2,61.3,59,4959,6.44,6.48,3.96
0.31,Ideal,E,VVS1,61,57,988,4.36,4.33,2.65
1.02,Premium,H,VS2,61,60,4958,6.5,6.46,3.95
1.19,Premium,E,I1,60.2,61,3572,6.91,6.87,4.15
0.34,Ideal,D,VS2,61.6,55,687,4.48,4.54,2.78
0.9,Very Good,G,SI2,63.1,58,2857,6.08,6.02,3.82
0.47,Ideal,F,VVS1,61.9,55,1779,4.98,5,3.09
0.59,Ideal,F,SI1,61.7,56,1652,5.36,5.4,3.32
1.01,Premium,F,SI2,61.1,57,3903,6.48,6.44,3.95
0.31,Ideal,D,VS2,62.6,56,734,4.33,4.36,2.72
0.27,Very Good,H,VVS2,62.1,57,486,4.1,4.15,2.56
0.53,Good,J,VS2,63.8,57,1122,5.12,5.1,3.26
0.42,Very Good,D,SI2,63.1,56,838,4.8,4.74,3.01
1.03,Good,J,SI1,63.6,57,2855,6.38,6.29,4.03
0.32,Premium,H,SI1,60.9,60,591,4.43,4.4,2.69
1.07,Premium,H,VS2,62.1,59,5424,6.56,6.52,4.06
0.51,Premium,E,VVS2,62.1,57,2185,5.18,5.15,3.21
1.22,Very Good,I,VS1,62.9,53.8,6763,6.79,6.83,4.29
0.31,Ideal,H,VVS2,61.5,56,625,4.35,4.37,2.68
0.41,Premium,D,SI2,62,58,876,4.78,4.74,2.95
0.58,Ideal,I,VVS2,62,56,1369,5.34,5.38,3.32
0.52,Ideal,G,VVS2,62.1,57,2012,5.17,5.13,3.2
0.57,Ideal,D,VS2,62.1,56,1963,5.34,5.29,3.3
0.53,Premium,D,VS1,62.4,61,1940,5.25,5.14,3.24
1.11,Ideal,E,VS2,61,57,9625,6.65,6.7,4.08
0.24,Very Good,F,VVS1,59.4,60,478,4.04,4.08,2.41
0.52,Ideal,G,VVS2,62.3,56,1906,5.15,5.18,3.22
0.3,Very Good,I,SI1,61.4,58,394,4.3,4.33,2.65
0.3,Ideal,E,VS2,61.5,56,844,4.33,4.29,2.65
1.5,Premium,H,VS2,61.8,59,11464,7.35,7.3,4.53
0.41,Premium,J,VVS1,62.2,59,994,4.75,4.71,2.94
1.3,Ideal,G,VS2,61.9,55,9060,7.01,7.04,4.35
0.33,Very Good,G,VS2,62,58,579,4.42,4.45,2.75
0.54,Ideal,D,VVS2,61.3,56,2671,5.22,5.26,3.21
0.52,Premium,F,VS2,62.1,59,1600,5.12,5.15,3.19
1.3,Premium,J,SI1,61.9,56,5569,7.07,7.04,4.37
0.41,Ideal,D,VVS2,62.1,56,1356,4.78,4.76,2.96
0.31,Very Good,H,VVS2,61.2,55,578,4.41,4.44,2.7
1.7,Ideal,I,VS2,61.1,57,10662,7.7,7.66,4.69
0.83,Ideal,F,SI1,60.7,57,3290,6.02,6.1,3.68
3,Very Good,H,I1,63.1,55,6512,9.23,9.1,5.77
0.29,Very Good,F,VS1,63,55,504,4.24,4.27,2.68
1.3,Very Good,E,VVS2,60.5,58,13725,7.05,7.11,4.28
0.34,Ideal,D,VVS1,61.5,56,1211,4.5,4.47,2.76
0.32,Premium,E,SI2,61.2,58,576,4.44,4.39,2.7
0.51,Ideal,G,VVS2,62,57,1842,5.13,5.1,3.17
0.5,Ideal,F,VS1,62,55.1,1679,5.05,5.11,3.16
0.73,Very Good,I,VVS1,61.9,57,2623,5.75,5.79,3.57
0.5,Ideal,D,SI2,62.4,56,1239,5.06,5.1,3.17
0.37,Ideal,H,VS2,61.7,55,603,4.64,4.67,2.87
0.7,Premium,E,SI1,61.3,58,2386,5.71,5.84,3.54
1.33,Premium,G,VS2,62.3,59,9682,7.02,6.97,4.36
0.9,Premium,G,SI1,62.6,62,3669,6.08,6.06,3.8
0.3,Ideal,F,IF,61.7,56,873,4.31,4.35,2.67
0.58,Good,F,VVS2,62.2,61,2494,5.37,5.44,3.36
1.51,Very Good,E,SI2,61.9,57,7848,7.35,7.41,4.57
0.72,Premium,F,SI1,61.7,59,2492,5.74,5.7,3.53
0.32,Premium,H,VS2,59.5,58,505,4.47,4.5,2.67
0.86,Very Good,E,VS2,62.3,56,4665,6.05,6.08,3.78
1.51,Premium,H,VS1,62.4,60,10939,7.34,7.27,4.56
1.23,Ideal,F,VVS2,61.8,56,11141,6.89,6.84,4.24
0.32,Ideal,J,VS2,62.1,54,504,4.44,4.38,2.74
0.3,Ideal,H,VS2,61,56,501,4.33,4.37,2.65
1.03,Premium,G,VVS2,60.4,59,7729,6.58,6.56,3.97
0.3,Ideal,I,VS2,60.3,57,438,4.36,4.39,2.64
3.65,Fair,H,I1,67.1,53,11668,9.53,9.48,6.38
0.51,Ideal,D,VS1,60.7,57,1826,5.18,5.23,3.16
1.2,Ideal,H,VS2,62.8,57,7072,6.75,6.79,4.25
1.23,Ideal,D,VVS1,62.4,57,16253,6.88,6.83,4.28
0.41,Good,I,VS1,60.1,60.1,754,4.79,4.82,2.89
0.3,Ideal,H,VS1,61.9,58,545,4.3,4.32,2.67
0.55,Ideal,D,SI1,60.6,56,1819,5.32,5.27,3.21
0.31,Ideal,E,VS2,61.7,56,872,4.35,4.31,2.67
1.5,Very Good,H,VVS1,60.9,61,11688,7.36,7.39,4.49
0.3,Ideal,E,VS2,62,55,658,4.27,4.31,2.66
0.68,Premium,F,VVS2,61.7,57,2854,5.67,5.64,3.49
0.3,Premium,F,SI2,61.3,58,506,4.33,4.28,2.64
0.7,Very Good,F,VVS2,62.6,59,2940,5.6,5.64,3.52
0.7,Good,F,SI2,64.3,57,1851,5.6,5.53,3.58
1.01,Very Good,F,SI1,62.1,57,4969,6.41,6.48,4
0.5,Ideal,F,SI2,62,55,1305,5.12,5.09,3.16
1,Ideal,G,VS2,60.5,56,6328,6.54,6.49,3.94
0.32,Ideal,G,VS2,62,57,672,4.41,4.37,2.72
1.01,Premium,G,VS1,62.8,59,6618,6.37,6.34,3.99
0.74,Ideal,G,SI1,61.6,55,2760,5.8,5.85,3.59
0.52,Premium,G,VS1,61.1,58,1815,5.19,5.16,3.16
1.15,Good,H,SI1,60.2,61,5005,6.74,6.84,4.09
1.51,Premium,E,SI1,60.6,59,12738,7.45,7.41,4.5
0.35,Ideal,G,VS1,61.1,56,923,4.55,4.58,2.79
0.9,Fair,F,SI2,65.7,59,2964,6.03,5.99,3.95
2.37,Ideal,J,VS2,62.2,57,16059,8.52,8.58,5.32
0.33,Ideal,G,VS2,62.3,55,579,4.42,4.47,2.77
0.28,Very Good,E,VVS2,64,54,572,4.11,4.17,2.65
0.7,Fair,F,SI1,64.8,60,2167,5.57,5.54,3.6
1.01,Fair,F,VS1,64.6,60,6366,6.26,6.16,4.01
1,Premium,E,VS1,59.1,59,8176,6.56,6.51,3.86
0.29,Very Good,H,VS1,62.2,56,444,4.24,4.27,2.64
0.57,Ideal,F,VS2,59.2,57,1637,5.45,5.5,3.24
1,Good,G,VS2,63.7,59,5484,6.38,6.33,4.05
1.54,Very Good,H,VS2,62.1,62,11527,7.31,7.38,4.56
0.51,Very Good,G,VS2,62.4,57,1438,5.09,5.11,3.18
1.29,Good,J,VS2,58.2,61,5898,7.07,7.12,4.13
0.43,Premium,H,SI1,61.5,58,919,4.86,4.8,2.97
0.7,Very Good,H,VS2,62.2,56,2074,5.69,5.75,3.56
0.91,Very Good,E,VS1,62.8,60,5057,6.08,6.11,3.83
3.01,Premium,J,SI2,60.7,59,18710,9.35,9.22,5.64
1.5,Premium,J,VVS2,62.8,62,7983,7.25,7.22,4.54
0.53,Ideal,D,SI1,61.7,56,1753,5.23,5.15,3.2
1.07,Ideal,H,SI1,60.9,57,5123,6.68,6.61,4.05
0.51,Very Good,E,VS1,64.4,55,1634,5.03,5.07,3.25
0.32,Ideal,E,VS2,61.5,55,900,4.43,4.38,2.71
0.84,Very Good,G,SI2,62.9,55,2584,5.99,6.12,3.8
1.55,Very Good,H,SI1,63.2,57,7066,7.35,7.31,4.64
1.11,Very Good,E,SI2,61.7,63,4177,6.65,6.54,4.07
0.9,Good,G,VS2,64.9,61,4124,5.91,5.99,3.86
0.41,Good,J,VS2,64,59,732,4.71,4.64,2.99
1.09,Ideal,E,SI2,61.6,55,5035,6.6,6.64,4.08
0.9,Very Good,F,SI2,61,61,4441,6.14,6.18,3.76
1.74,Premium,I,VS2,58.6,59,12168,7.99,7.87,4.65
1.13,Very Good,I,SI1,61.5,60,4766,6.68,6.72,4.12
1.01,Very Good,E,VS2,62.2,58,6522,6.36,6.41,3.97
0.38,Very Good,H,VS1,61.3,54,705,4.68,4.7,2.88
1.57,Premium,J,VS1,60.8,61,7190,7.6,7.49,4.59
1.01,Premium,F,VVS2,61.8,59,8470,6.46,6.42,3.98
2.02,Very Good,J,VS2,62.6,58,13499,8.03,8.1,5.05
0.33,Premium,G,VS2,61.1,59,743,4.47,4.43,2.72
0.78,Ideal,H,VVS2,61.7,55,3015,5.9,5.94,3.65
0.8,Ideal,G,VVS2,62.6,54,4146,5.9,5.97,3.71
1.4,Very Good,I,SI2,62.4,59,6677,7.12,7.17,4.46
1.03,Ideal,F,VS2,60.2,54,7550,6.64,6.61,3.99
0.39,Ideal,F,VVS1,62.2,54,1124,4.71,4.74,2.94
0.38,Premium,F,VS1,62.4,59,933,4.57,4.63,2.87
1.53,Premium,I,VS1,61.2,59,10098,7.39,7.41,4.53
0.34,Ideal,D,VVS2,61.3,56,1174,4.48,4.52,2.76
0.46,Very Good,I,VS2,62.3,57,918,4.87,4.92,3.05
0.94,Good,I,SI2,63.8,60,3079,6.21,6.14,3.94
0.3,Good,D,SI2,60.8,65,536,4.29,4.26,2.6
0.3,Ideal,H,VS1,61.6,57,675,4.33,4.3,2.66
0.32,Ideal,F,VS2,62.6,55,645,4.38,4.41,2.75
0.31,Premium,I,VS1,62.3,59,489,4.29,4.35,2.69
1.01,Premium,F,VS2,62.1,60,5988,6.36,6.43,3.97
0.3,Ideal,F,VS2,61.8,57,605,4.31,4.33,2.67
1.22,Ideal,H,VS1,61.9,54,8411,6.88,6.9,4.26
1.09,Ideal,F,SI1,61.4,56,6872,6.63,6.66,4.08
0.7,Very Good,F,VS2,60.3,59,2400,5.76,5.79,3.48
1.94,Very Good,I,VS2,60.2,58,14489,8.04,8.1,4.86
1,Premium,G,VS2,60.6,59,6451,6.42,6.36,3.87
1.01,Very Good,F,VS2,63.1,60,6533,6.39,6.36,4.02
0.45,Good,F,VVS1,63.8,58,1548,4.85,4.78,3.07
1.06,Premium,F,SI2,62.6,59,3901,6.51,6.47,4.06
0.4,Premium,G,VS1,60.7,58,1125,4.81,4.78,2.91
0.5,Ideal,I,SI1,59.8,59,1031,5.18,5.15,3.09
0.3,Ideal,H,VS1,62.9,54,675,4.31,4.28,2.7
0.46,Premium,E,VS2,58.5,61,1173,5.1,5.05,2.97
1.01,Very Good,E,VS2,62.9,57,6488,6.37,6.43,4.02
0.32,Premium,H,VS2,62.7,54,648,4.41,4.39,2.76
1.03,Premium,G,I1,60.8,57,3073,6.55,6.51,3.97
1.24,Ideal,J,SI1,62.3,57,3312,6.86,6.81,4.26
0.73,Good,F,SI2,58.1,62,2191,5.92,5.93,3.44
0.33,Ideal,H,VS1,60.2,57,579,4.5,4.54,2.72
1.13,Ideal,H,VS2,62,57,5885,6.7,6.66,4.14
0.3,Very Good,F,VVS2,64.2,56,613,4.22,4.26,2.72
1.03,Ideal,G,VS1,61.3,56,7648,6.52,6.5,3.99
1.51,Premium,G,VS2,62.7,58,12872,7.31,7.2,4.55
1.27,Very Good,G,VS2,60.3,59,8549,6.97,7.09,4.24
2.01,Good,F,SI2,64.1,57,16231,7.82,7.78,5
0.32,Good,D,SI1,63.8,56,589,4.33,4.35,2.77
0.56,Premium,E,VS2,59.9,58,2167,5.37,5.34,3.21
0.22,Premium,F,SI1,60.4,61,342,3.88,3.84,2.33
0.41,Ideal,G,VS1,61.7,57,899,4.78,4.81,2.96
0.61,Ideal,H,IF,62,54.4,2438,5.44,5.47,3.38
1.02,Ideal,I,VS2,62.8,57,3148,6.45,6.39,4.03
1,Very Good,H,VVS2,62.6,56,6249,6.36,6.39,3.99
0.31,Premium,G,SI1,61.9,56,593,4.38,4.34,2.7
1.27,Ideal,H,SI1,60.6,57,6785,7.07,7,4.26
1.01,Very Good,G,SI2,63.2,58,3275,6.42,6.35,4.04
0.42,Ideal,H,VS1,62,57,1087,4.82,4.8,2.98
1.04,Fair,G,VS1,64.9,58,5633,6.36,6.33,4.12
0.34,Ideal,G,VS1,61.3,55,898,4.52,4.55,2.78
0.53,Ideal,G,VS1,61.2,55,1754,5.23,5.26,3.21
0.43,Very Good,E,SI2,63.4,57,858,4.82,4.77,3.04
0.5,Ideal,H,VVS2,60.4,55,1608,5.16,5.2,3.13
0.3,Premium,E,VS2,59.2,59,658,4.37,4.41,2.6
0.32,Premium,H,VS2,61,60,648,4.41,4.35,2.67
0.35,Ideal,D,VVS1,60.8,55,1330,4.58,4.6,2.79
0.31,Premium,F,IF,61.5,58,1046,4.35,4.33,2.67
0.38,Ideal,G,VS2,61.5,57,840,4.66,4.68,2.87
0.72,Ideal,F,VS1,62.5,54,3330,5.73,5.76,3.59
1.01,Very Good,D,VVS2,59.8,57,10499,6.49,6.58,3.91
1.04,Ideal,E,VVS2,62.4,56,9897,6.51,6.47,4.05
2,Very Good,H,SI2,59.7,61,15312,8.15,8.2,4.88
0.38,Ideal,G,VS1,62.4,54,759,4.63,4.67,2.9
1.01,Ideal,I,SI1,62.5,56,4413,6.4,6.44,4.01
1.28,Very Good,F,SI1,63,56,6566,6.9,7.03,4.39
0.42,Ideal,E,VVS2,61.3,56,1216,4.81,4.85,2.96
0.8,Ideal,E,VS1,61.8,56,5007,5.92,5.96,3.67
1.31,Very Good,H,SI1,60.3,58,7189,7.02,7.1,4.26
0.42,Premium,D,SI1,62.1,59,1040,4.79,4.77,2.97
0.38,Very Good,H,VVS1,63.3,58,1033,4.62,4.57,2.91
1.42,Very Good,G,VS1,62.7,55,11452,7.11,7.17,4.48
1.52,Premium,J,VS1,61.2,59,8366,7.39,7.36,4.51
0.72,Very Good,G,VS1,63.8,58,2819,5.64,5.68,3.61
0.73,Ideal,H,VS2,62,54,2583,5.79,5.83,3.6
1.09,Ideal,H,SI1,61.9,56,4784,6.61,6.64,4.1
0.31,Ideal,G,VVS1,62.5,56,772,4.29,4.34,2.69
0.9,Good,F,SI1,62.5,59,4119,6.1,6.13,3.82
0.77,Very Good,G,SI1,63.6,57,2915,5.79,5.88,3.71
0.32,Premium,E,IF,60,61,967,4.5,4.46,2.69
1.01,Good,H,I1,63.2,58,3110,6.33,6.39,4.02
0.32,Premium,F,VS2,59.4,58,828,4.48,4.44,2.65
1.65,Fair,J,SI1,61.6,66,5914,7.61,7.47,4.66
1.51,Premium,E,SI1,61.5,58,12530,7.33,7.38,4.52
0.72,Very Good,E,VVS1,61.2,58,3903,5.75,5.79,3.53
0.26,Very Good,H,VVS2,62.4,58,468,4.04,4.07,2.53
1,Premium,H,SI2,62.7,58,4200,6.33,6.31,3.96
1.2,Premium,H,VS2,60.6,58,6547,6.82,6.88,4.15
0.47,Premium,E,SI1,60.2,61,1087,5.05,4.96,3.02
1.54,Premium,D,VS2,59.3,59,16736,7.54,7.61,4.49
1.62,Ideal,F,SI1,62.7,56,12712,7.44,7.5,4.68
1.08,Ideal,J,SI1,61.8,56,4524,6.58,6.55,4.06
0.31,Good,F,VS2,58.2,58,637,4.46,4.51,2.61
0.73,Ideal,E,VS2,61.9,55,3275,5.76,5.8,3.57
1.04,Ideal,G,VS1,61.5,56,7294,6.53,6.57,4.03
0.42,Ideal,E,VS2,61.7,56,958,4.8,4.82,2.97
1.61,Premium,G,SI1,62.6,58,11303,7.48,7.45,4.67
0.71,Ideal,G,VS1,61.7,56,3431,5.72,5.75,3.53
0.55,Premium,E,VS2,62.3,60,2030,5.26,5.18,3.25
0.35,Ideal,G,SI1,61.8,55,503,4.54,4.56,2.81
1.01,Very Good,I,SI2,62.1,56,3770,6.41,6.45,3.99
1.26,Premium,J,VS2,62.5,58,5107,6.92,6.9,4.32
2.05,Very Good,H,VS2,61.8,60,18152,8.14,8.19,5.05
0.51,Premium,J,SI1,61.7,56,956,5.17,5.14,3.18
1.52,Good,I,VS2,63.3,61,8778,7.23,7.27,4.59
0.35,Ideal,H,VVS1,62.6,57,1024,4.47,4.45,2.79
0.7,Fair,H,VS2,65,56,2268,5.6,5.5,3.61
1.51,Premium,J,SI1,60.4,62,6680,7.42,7.32,4.45
1.5,Fair,J,I1,68.8,57,4284,6.94,6.87,4.75
0.31,Premium,I,VS2,62.3,60,435,4.31,4.32,2.69
0.39,Very Good,H,VS1,61.7,57,787,4.65,4.68,2.88
0.41,Very Good,G,SI1,62.7,55,719,4.77,4.8,3
1.52,Very Good,I,VS1,62.9,59.9,10032,7.27,7.31,4.59
0.3,Very Good,G,VS1,63.1,56,776,4.26,4.24,2.68
0.31,Very Good,H,IF,61.3,55,778,4.37,4.4,2.69
0.32,Very Good,H,VS1,62.9,54,561,4.37,4.41,2.76
0.37,Premium,G,VS2,60.7,57,833,4.69,4.64,2.83
0.32,Good,D,SI2,63.9,58,612,4.33,4.31,2.76
1.01,Fair,D,VS2,65.3,58,6366,6.29,6.24,4.09
0.3,Good,G,VS1,63.6,55,605,4.27,4.31,2.73
1.23,Ideal,G,VVS1,61.8,56,10572,6.8,6.89,4.24
1,Ideal,E,SI1,62.3,55,5396,6.41,6.34,3.97
0.71,Ideal,F,VS1,62.7,57,3041,5.66,5.7,3.56
0.58,Ideal,D,VS2,61.2,57,1876,5.37,5.41,3.3
0.24,Very Good,G,VS1,62.4,56,391,3.99,4.03,2.5
0.9,Very Good,E,SI1,61.3,57,4165,6.24,6.29,3.84
1.09,Ideal,D,SI2,62.1,56,5164,6.56,6.59,4.08
0.31,Ideal,F,SI1,62.9,57,663,4.34,4.31,2.72
0.41,Ideal,G,VVS1,61.7,55,1151,4.77,4.79,2.95
1.02,Good,D,SI2,64.1,58,4459,6.25,6.32,4.03
0.9,Very Good,E,VS2,62.8,57,4419,6.13,6.16,3.86
2.01,Good,H,SI2,63.7,59,12423,7.89,7.84,5.01
0.29,Ideal,F,VVS1,61.7,55,815,4.25,4.28,2.63
2.01,Good,E,SI2,60,64,16582,8.09,8.17,4.88
0.51,Ideal,D,VS2,62.4,55,1678,5.12,5.14,3.2
0.31,Very Good,F,VVS2,61.6,56,711,4.34,4.38,2.68
1.09,Ideal,H,SI1,61.1,57,5219,6.71,6.62,4.07
0.3,Ideal,I,VS2,61.3,58,438,4.3,4.31,2.64
1.01,Premium,G,SI2,60.1,59,4269,6.45,6.39,3.86
0.36,Ideal,D,SI1,61.6,56,801,4.59,4.6,2.83
0.25,Premium,F,IF,61.1,58,740,4.1,4.08,2.5
0.32,Good,G,VS2,63.1,57,561,4.3,4.35,2.73
0.38,Premium,H,VS1,61.6,58,766,4.65,4.7,2.88
0.36,Very Good,H,SI2,61.2,55,475,4.59,4.62,2.81
0.52,Ideal,I,SI1,61.8,54,1094,5.16,5.19,3.2
0.51,Very Good,F,VS1,61.4,60,1604,5.07,5.13,3.13
0.52,Very Good,G,SI1,63.1,58,1343,5.11,5.13,3.23
1.51,Premium,H,VS2,61.2,59,7534,7.4,7.38,4.52
0.57,Ideal,G,VS2,60.2,59,1642,5.38,5.42,3.25
0.31,Premium,F,VVS1,59.2,62,997,4.41,4.34,2.59
2.24,Ideal,I,SI2,62.1,57,15852,8.31,8.4,5.19
0.45,Ideal,G,VS1,59,60,1055,4.98,5.05,2.96
0.7,Ideal,E,VS1,62.6,55,3167,5.66,5.69,3.55
0.96,Fair,H,I1,61.1,60,1705,6.26,6.07,3.77
0.7,Very Good,E,VS2,58.7,63,2862,5.73,5.69,3.35
1.2,Premium,H,SI1,61.2,57,6129,6.91,6.78,4.19
0.32,Very Good,E,SI1,62.3,55,584,4.36,4.38,2.72
0.32,Ideal,G,SI2,62.5,55,540,4.4,4.37,2.74
0.7,Premium,E,VS2,60.9,59,2673,5.68,5.71,3.47
0.41,Premium,D,SI1,62.1,59,791,4.74,4.76,2.95
0.7,Ideal,E,VS2,61.4,57,2274,5.72,5.78,3.53
0.34,Premium,H,SI1,60.2,58,612,4.52,4.48,2.71
0.54,Ideal,G,VVS2,61.2,56,1914,5.25,5.3,3.22
0.54,Ideal,G,VS1,60.7,57,2274,5.29,5.26,3.2
0.42,Premium,G,VS2,60.6,58,847,4.83,4.88,2.94
0.52,Ideal,F,VS2,61.3,57,1624,5.22,5.19,3.19
0.31,Premium,D,SI1,61.4,58,732,4.39,4.34,2.68
0.7,Ideal,E,SI1,61.7,55,2745,5.71,5.74,3.53
0.26,Very Good,E,VVS1,61.8,59,539,4.11,4.14,2.55
0.7,Ideal,D,VS2,62.7,57,3448,5.65,5.67,3.55
2.01,Premium,I,SI2,62.5,60,9658,8.04,7.95,5
1.11,Ideal,H,SI2,63.5,60,4538,6.58,6.49,4.15
0.52,Very Good,F,VVS2,61.5,57,2079,5.18,5.22,3.19
0.32,Ideal,D,VVS1,61.8,56,1140,4.41,4.39,2.72
1.29,Ideal,H,SI1,61.6,57,6588,7,6.95,4.3
0.9,Premium,I,VS2,61.2,62,3338,6.19,6.13,3.77
0.43,Premium,F,SI1,61.6,59,1016,4.87,4.83,2.99
0.3,Ideal,F,IF,62.3,53,886,4.34,4.36,2.71
1.03,Very Good,J,VS1,63.4,58,4292,6.36,6.42,4.05
0.32,Very Good,E,VS2,62,54,702,4.37,4.41,2.72
0.51,Ideal,D,VS2,61.1,56,1986,5.16,5.2,3.17
0.5,Good,D,SI2,61.9,63,1175,5.05,5.07,3.13
1.51,Premium,H,VS2,63,58,10548,7.34,7.27,4.6
0.71,Ideal,F,VS1,62.1,57,3066,5.73,5.76,3.57
2.11,Very Good,G,SI2,62.2,60,16188,8.15,8.19,5.08
1.06,Premium,I,SI1,61.9,59,4372,6.5,6.52,4.03
1.07,Ideal,G,SI1,60.2,57,5453,6.7,6.59,4
1.52,Good,J,SI1,63.6,60,6897,7.21,7.25,4.6
0.31,Ideal,I,VS1,61.7,54.6,502,4.38,4.39,2.71
0.3,Ideal,I,VVS1,62.3,55,709,4.29,4.28,2.67
1.24,Very Good,F,VVS2,62,55,11130,6.88,6.95,4.29
0.7,Fair,J,VVS1,67.6,54,1691,5.56,5.41,3.71
0.42,Ideal,F,VVS2,61.3,57,1142,4.8,4.82,2.95
0.43,Ideal,J,VS1,62.1,55,679,4.84,4.86,3.01
0.71,Very Good,E,SI2,61.9,63,2256,5.69,5.74,3.54
2.03,Ideal,F,SI2,63.3,55,18458,7.96,8.05,5.08
0.34,Premium,G,VS2,61.2,58,765,4.5,4.46,2.74
1.75,Premium,J,VS1,62.2,59,10619,7.74,7.7,4.8
0.4,Ideal,I,SI1,61.2,55,692,4.77,4.8,2.93
0.34,Premium,F,VS2,59.8,59,854,4.55,4.51,2.71
0.91,Good,H,SI1,63.8,60,3520,6,6.16,3.88
0.91,Good,G,SI2,63.3,57,3340,6.08,6.12,3.86
1.56,Ideal,E,VS2,60.5,57,12717,7.56,7.5,4.56
0.38,Ideal,F,VVS1,61.5,56,1120,4.68,4.71,2.88
1.21,Ideal,I,SI2,60.7,56,4880,6.86,6.91,4.18
0.3,Ideal,I,VS2,62.1,54,438,4.32,4.35,2.69
1.01,Very Good,E,SI1,62.6,57,4986,6.38,6.43,4.01
1.57,Very Good,I,VS2,60.3,58,10447,7.58,7.55,4.56
1.11,Ideal,G,SI1,60.8,57,6065,6.83,6.77,4.14
0.7,Ideal,G,SI1,60.9,56,2965,5.73,5.79,3.51
1.14,Very Good,J,VS1,60,60,4702,6.76,6.81,4.07
0.51,Ideal,E,VS2,61.5,55,1662,5.23,5.14,3.19
0.33,Premium,G,VS1,61.6,60,854,4.46,4.41,2.73
0.36,Premium,F,SI1,60.3,58,770,4.65,4.6,2.79
0.34,Premium,F,VS2,61.2,59,880,4.53,4.49,2.76
1.23,Good,J,SI2,63.2,57.5,4992,6.74,6.82,4.29
1.19,Very Good,H,SI1,63.3,55,5698,6.76,6.69,4.26
1.5,Very Good,I,VS2,62.5,59,8893,7.26,7.3,4.55
1.14,Good,H,SI1,62.8,58,5487,6.62,6.67,4.17
0.5,Good,D,SI2,63.4,59,1157,5,5.03,3.18
0.73,Ideal,H,VS2,61.4,55,3164,5.79,5.82,3.56
0.52,Ideal,G,VVS2,61.3,56,1897,5.18,5.2,3.18
0.36,Ideal,D,SI2,62,56,537,4.56,4.6,2.84
0.36,Ideal,D,SI2,62,56,689,4.6,4.56,2.84
1.01,Good,H,SI1,59.4,60,4616,6.49,6.54,3.87
0.9,Good,G,VS1,63.6,58,4460,6.12,6.09,3.88
1.2,Very Good,F,IF,62.3,60,12905,6.74,6.8,4.22
0.71,Ideal,E,VVS1,62.3,55,4231,5.68,5.72,3.55
1.02,Very Good,F,SI2,60.9,58,4284,6.43,6.55,3.95
0.41,Ideal,D,SI1,60.7,55,771,4.83,4.86,2.94
1.55,Premium,J,VS1,61.6,58,7733,7.39,7.42,4.56
0.91,Premium,D,SI1,62.3,60,4663,6.21,6.15,3.85
0.5,Very Good,D,VS2,63.4,56,1758,5.1,5.05,3.22
1.21,Very Good,J,VS2,62.4,58,4191,6.79,6.83,4.25
0.9,Very Good,E,SI2,59.5,61,3139,6.24,6.3,3.73
1.59,Ideal,H,SI1,61.5,57,10832,7.53,7.59,4.65
0.35,Premium,E,VVS2,60.2,58,1024,4.66,4.61,2.79
0.7,Very Good,D,SI1,62.4,57,3075,5.64,5.67,3.53
0.33,Very Good,H,VS1,62.9,59,579,4.35,4.4,2.75
2.02,Very Good,G,SI2,63.1,57,12094,8.01,7.97,5.04
0.81,Ideal,H,IF,61.6,58,4111,5.98,6.01,3.69
0.6,Ideal,G,VS2,62.1,57,1625,5.36,5.43,3.35
0.41,Ideal,J,VS1,62.2,55,775,4.79,4.76,2.97
0.82,Good,J,SI1,57.5,62,2033,6.2,6.25,3.58
0.42,Very Good,D,VS1,58.4,61,912,4.91,4.95,2.88
1,Very Good,E,SI2,63.7,60,4181,6.24,6.32,4
0.72,Very Good,E,VVS1,61.2,57,4847,5.73,5.78,3.53
0.9,Good,D,SI1,64.1,56,3755,6.04,6.07,3.88
0.42,Ideal,G,VVS2,61.3,56,1103,4.82,4.81,2.95
0.41,Ideal,E,SI1,61.8,56,705,4.77,4.78,2.95
1.27,Very Good,H,SI2,60.6,59,5715,6.97,7,4.23
0.32,Ideal,E,VS2,62.1,55,768,4.43,4.4,2.74
0.3,Ideal,E,VS1,61.7,57,911,4.31,4.28,2.65
0.81,Ideal,E,VVS2,62.2,53.7,5373,5.97,5.99,3.72
1.05,Ideal,I,VVS2,61.8,53,5932,6.56,6.57,4.06
0.72,Good,F,SI2,63.8,59,1609,5.64,5.58,3.58
1.51,Ideal,G,VS1,61.6,56,14542,7.34,7.37,4.53
0.3,Ideal,H,VVS2,61.6,55,776,4.34,4.3,2.66
1.12,Good,I,SI2,64.3,60,3838,6.59,6.56,4.23
0.9,Very Good,E,SI1,61.4,56,5387,6.19,6.23,3.81
0.41,Good,I,VVS2,63.9,55,827,4.71,4.74,3.02
0.54,Ideal,G,VS1,61.3,57,1754,5.25,5.28,3.23
1.51,Premium,H,VS2,60.2,60,11435,7.33,7.35,4.42
0.37,Premium,F,VS2,61.9,59,957,4.61,4.57,2.84
0.71,Good,J,VS2,63.8,58,1774,5.61,5.58,3.57
0.4,Ideal,D,VS1,62.9,56,1200,4.71,4.67,2.95
1.01,Premium,G,SI1,62.7,59,4808,6.41,6.35,4
0.61,Ideal,E,SI2,62,54,1368,5.46,5.48,3.39
0.71,Very Good,F,SI1,61.9,57,2404,5.72,5.79,3.56
0.39,Premium,H,VVS1,61.5,56,990,4.73,4.7,2.9
0.42,Premium,G,SI1,61.7,58,945,4.8,4.76,2.95
1.21,Ideal,F,VS2,62.6,55,7826,6.8,6.75,4.24
0.53,Ideal,G,VVS2,62.2,54,1948,5.17,5.22,3.23
0.5,Good,G,SI2,62.3,64,1121,5.1,5.02,3.15
0.42,Good,G,SI1,63.1,56,687,4.75,4.79,3.01
0.72,Good,F,SI1,63.1,56,2647,5.67,5.68,3.58
1.01,Good,D,SI1,63.8,58,5443,6.34,6.38,4.06
0.31,Premium,I,VS1,62.3,59,628,4.35,4.29,2.69
0.4,Very Good,F,SI1,62.1,57,687,4.65,4.69,2.9
0.3,Fair,F,VS2,65.4,55,776,4.25,4.22,2.77
1.7,Good,H,VS2,62.5,59,12723,7.48,7.58,4.71
0.53,Ideal,D,VS2,61.4,56,1857,5.2,5.23,3.2
1.1,Very Good,G,IF,60.5,55,8592,6.77,6.71,4.08
0.51,Ideal,H,VS2,61.4,56,1375,5.14,5.19,3.17
0.31,Good,H,VS2,63.2,58,489,4.31,4.33,2.73
0.32,Ideal,G,VS2,61.8,55,564,4.4,4.43,2.73
0.54,Premium,D,SI1,60.4,60,1662,5.22,5.24,3.16
0.7,Fair,I,SI1,62,67,1848,5.54,5.5,3.42
0.38,Ideal,F,VS2,61.9,55,969,4.68,4.64,2.89
1.2,Very Good,G,VS2,63.3,57,6580,6.69,6.64,4.22
0.7,Very Good,F,SI2,59.9,59,1940,5.75,5.81,3.46
0.3,Ideal,E,VVS1,62,58,862,4.28,4.3,2.66
0.33,Premium,G,VVS1,60.9,58,868,4.43,4.47,2.71
0.9,Good,J,VS2,63.9,58,3024,6.15,6.08,3.91
0.9,Ideal,J,VS1,62.5,55,3175,6.18,6.14,3.85
1,Good,D,SI1,60.5,60,5546,6.37,6.42,3.87
0.24,Very Good,E,VVS2,62.2,60,485,3.97,4.01,2.48
0.75,Premium,D,SI2,60.6,56,2337,5.94,5.9,3.59
1.47,Very Good,G,VS2,62.7,56,11060,7.15,7.18,4.49
0.27,Ideal,F,VS2,60.3,56,577,4.24,4.27,2.56
0.43,Ideal,F,VVS2,61.8,57,1250,4.85,4.83,2.99
0.41,Good,E,SI1,63.3,57,755,4.73,4.75,3
1,Premium,D,SI1,59.6,57,5880,6.54,6.44,3.87
0.71,Premium,F,SI1,59,61,2528,5.88,5.84,3.46
0.83,Very Good,D,VS1,61.3,57.2,3984,6.02,6.11,3.72
0.5,Good,E,SI1,63.5,61,1279,4.98,5.03,3.18
1.06,Very Good,E,SI2,61.7,62,4570,6.5,6.54,4.02
0.5,Ideal,D,SI1,62,54,1404,5.09,5.13,3.17
0.77,Good,I,SI1,62.3,55,2264,5.88,5.93,3.68
1.23,Ideal,G,VVS1,61.2,56,11182,6.94,6.9,4.23
1,Ideal,F,SI2,61,55,3562,6.45,6.41,3.92
0.31,Ideal,H,VS2,61.4,56,507,4.38,4.42,2.7
1.06,Ideal,E,SI1,61.6,56,5798,6.55,6.59,4.05
0.31,Ideal,H,VVS1,61.6,57,846,4.35,4.32,2.67
0.31,Very Good,F,VVS2,62,56,754,4.36,4.39,2.71
0.7,Very Good,D,SI1,62.5,55,2862,5.67,5.72,3.56
0.72,Very Good,E,SI2,61.4,58,2688,5.76,5.8,3.55
0.5,Ideal,F,VVS2,62.2,54,2025,5.07,5.12,3.17
1.56,Premium,H,VS2,62.2,58,10424,7.41,7.44,4.62
0.31,Ideal,F,VVS1,62.4,54,840,4.33,4.35,2.71
0.3,Ideal,F,VS2,62.1,53.6,601,4.28,4.31,2.67
0.4,Ideal,E,SI2,61.3,56,629,4.75,4.78,2.92
0.72,Ideal,G,SI2,61.8,57,1866,5.73,5.69,3.53
2.02,Ideal,F,SI2,62.2,57,16256,8.07,8.03,5.01
0.71,Good,D,SI1,56.8,62,2450,5.93,5.89,3.37
0.54,Good,D,SI2,63.2,57,1249,5.16,5.19,3.27
0.71,Good,G,VS2,64,55,2599,5.65,5.67,3.62
0.9,Premium,F,SI1,62.6,62,3437,6.13,6.11,3.83
0.5,Ideal,G,VVS1,61.8,54,1865,5.13,5.16,3.18
1.16,Ideal,D,SI1,62,56,5911,6.76,6.73,4.18
0.31,Ideal,D,VS2,61.6,55,942,4.37,4.36,2.69
1.05,Ideal,J,VS1,60.6,56,3528,6.59,6.55,3.98
1.17,Premium,H,SI1,62.3,57,5004,6.75,6.71,4.19
0.7,Premium,D,VS1,61.6,61,3001,5.66,5.61,3.47
1,Ideal,F,VVS2,61.9,57,9354,6.47,6.42,3.99
1.02,Premium,J,SI1,61.8,58,3856,6.5,6.44,4
0.34,Premium,G,VS2,61,58,765,4.49,4.46,2.73
0.94,Very Good,G,VVS1,63.3,57,6088,6.21,6.14,3.91
0.7,Very Good,G,VVS2,60.2,61,3052,5.66,5.74,3.43
0.55,Premium,E,VS2,60.5,58,1881,5.32,5.26,3.2
0.3,Ideal,D,SI1,61.7,57,524,4.28,4.31,2.65
0.45,Premium,G,VVS2,61.4,61,1181,4.95,4.89,3.02
0.7,Very Good,E,SI2,60.1,56,2290,5.76,5.79,3.47
1.21,Premium,G,VS2,63,58,7318,6.72,6.67,4.22
1.75,Ideal,H,VS2,62.2,56.3,14033,7.66,7.71,4.79
0.28,Ideal,E,VVS2,62.4,56,828,4.2,4.16,2.61
0.9,Ideal,H,SI2,61,56,4016,6.23,6.29,3.82
0.69,Ideal,G,SI1,62.4,56,2297,5.66,5.69,3.55
0.73,Very Good,D,SI1,60.2,56,2768,5.83,5.87,3.52
0.32,Ideal,E,VVS1,61.9,55,954,4.38,4.41,2.72
0.33,Ideal,I,SI2,61.2,56,403,4.49,4.5,2.75
1.09,Ideal,I,SI2,60.3,57,4315,6.64,6.7,4.02
0.31,Ideal,E,VS2,60.8,54,872,4.4,4.39,2.67
0.54,Ideal,F,SI2,61,56,1173,5.24,5.29,3.21
0.4,Ideal,E,VVS1,62.6,56,1333,4.7,4.73,2.95
0.41,Ideal,G,IF,62.3,55,1367,4.75,4.78,2.97
2.27,Premium,I,SI2,62.5,59,14937,8.45,8.39,5.26
0.72,Premium,I,SI1,61.5,59,2148,5.73,5.78,3.54
1.5,Premium,E,VS1,62.5,58,16023,7.21,7.28,4.53
0.52,Good,D,VS2,63.5,57,1701,5.08,5.13,3.24
0.54,Premium,E,SI1,62.2,61,1375,5.24,5.15,3.23
1.01,Very Good,E,SI1,63.1,58,5226,6.4,6.31,4.01
0.37,Ideal,G,VVS2,62,56,909,4.62,4.64,2.87
